name,city_order,yd,date,ta,tmx,tmin
CHICAGO,0,1,2000-01-01,-3.77,0.5366666666666667,-7.859999999999999
CHICAGO,0,2,2000-01-02,-2.6399999999999997,1.0333333333333334,-6.680000000000001
CHICAGO,0,3,2000-01-03,-2.878333333333333,0.7799999999999999,-6.933333333333334
CHICAGO,0,4,2000-01-04,-2.855,0.7533333333333334,-7.096666666666667
CHICAGO,0,5,2000-01-05,-4.133333333333334,-0.13666666666666671,-8.326666666666666
CHICAGO,0,6,2000-01-06,-4.501666666666667,-1.1466666666666667,-8.05
CHICAGO,0,7,2000-01-07,-4.703333333333333,-0.4933333333333333,-8.57
CHICAGO,0,8,2000-01-08,-3.9650000000000003,0.14666666666666667,-8.020000000000001
CHICAGO,0,9,2000-01-09,-3.4699999999999998,0.5466666666666666,-7.489999999999999
CHICAGO,0,10,2000-01-10,-3.4066666666666667,1.0866666666666664,-7.6433333333333335
CHICAGO,0,11,2000-01-11,-1.9316666666666669,1.3933333333333333,-5.676666666666667
CHICAGO,0,12,2000-01-12,-1.87,1.7033333333333334,-5.739999999999999
CHICAGO,0,13,2000-01-13,-4.2,-0.4233333333333334,-8.25
CHICAGO,0,14,2000-01-14,-5.278333333333333,-1.9133333333333333,-8.71
CHICAGO,0,15,2000-01-15,-5.641666666666667,-2.03,-9.24
CHICAGO,0,16,2000-01-16,-4.765,-0.8333333333333333,-9.09
CHICAGO,0,17,2000-01-17,-5.506666666666667,-1.69,-9.57
CHICAGO,0,18,2000-01-18,-6.444999999999999,-2.3833333333333333,-10.956666666666667
CHICAGO,0,19,2000-01-19,-6.08,-1.34,-10.646666666666667
CHICAGO,0,20,2000-01-20,-5.334999999999999,-1.61,-9.45
CHICAGO,0,21,2000-01-21,-5.131666666666666,-1.5966666666666667,-8.76
CHICAGO,0,22,2000-01-22,-3.8516666666666666,0.26999999999999996,-7.446666666666667
CHICAGO,0,23,2000-01-23,-3.4183333333333334,-0.05999999999999995,-7.09
CHICAGO,0,24,2000-01-24,-5.28,-1.59,-8.43
CHICAGO,0,25,2000-01-25,-4.818333333333333,-0.8566666666666667,-8.903333333333334
CHICAGO,0,26,2000-01-26,-4.411666666666666,-0.15333333333333343,-8.81
CHICAGO,0,27,2000-01-27,-4.148333333333333,-0.21,-8.203333333333333
CHICAGO,0,28,2000-01-28,-4.053333333333334,-0.3866666666666667,-7.736666666666666
CHICAGO,0,29,2000-01-29,-4.041666666666667,-0.35666666666666663,-8.256666666666666
CHICAGO,0,30,2000-01-30,-5.116666666666666,-1.6300000000000001,-8.686666666666667
CHICAGO,0,31,2000-01-31,-3.941666666666667,-0.09999999999999996,-7.576666666666667
CHICAGO,0,32,2000-02-01,-3.1633333333333336,0.48666666666666664,-7.203333333333333
CHICAGO,0,33,2000-02-02,-4.195,-0.2066666666666667,-8.24
CHICAGO,0,34,2000-02-03,-3.5,1.0166666666666666,-7.863333333333333
CHICAGO,0,35,2000-02-04,-3.895,0.036666666666666584,-8.656666666666666
CHICAGO,0,36,2000-02-05,-4.203333333333333,-0.24999999999999992,-8.543333333333333
CHICAGO,0,37,2000-02-06,-3.268333333333333,0.9433333333333334,-7.05
CHICAGO,0,38,2000-02-07,-2.646666666666667,0.8866666666666667,-6.623333333333333
CHICAGO,0,39,2000-02-08,-3.615,-0.11333333333333337,-7.72
CHICAGO,0,40,2000-02-09,-3.52,1.0066666666666666,-8.053333333333333
CHICAGO,0,41,2000-02-10,-3.6516666666666664,0.7533333333333334,-7.9366666666666665
CHICAGO,0,42,2000-02-11,-4.055000000000001,0.2866666666666667,-8.656666666666666
CHICAGO,0,43,2000-02-12,-4.131666666666667,-0.38333333333333347,-8.293333333333333
CHICAGO,0,44,2000-02-13,-3.8266666666666667,0.5266666666666667,-8.223333333333333
CHICAGO,0,45,2000-02-14,-2.235,2.146666666666667,-6.716666666666667
CHICAGO,0,46,2000-02-15,-3.175,0.7533333333333333,-7.1
CHICAGO,0,47,2000-02-16,-3.085,1.0333333333333334,-7.163333333333333
CHICAGO,0,48,2000-02-17,-1.7199999999999998,2.433333333333333,-5.766666666666667
CHICAGO,0,49,2000-02-18,-1.1133333333333333,3.566666666666667,-6.243333333333334
CHICAGO,0,50,2000-02-19,-0.6366666666666667,4.02,-4.966666666666667
CHICAGO,0,51,2000-02-20,0.6983333333333334,5.38,-4.03
CHICAGO,0,52,2000-02-21,-0.10333333333333344,3.4433333333333334,-3.9566666666666666
CHICAGO,0,53,2000-02-22,-0.031666666666666704,3.8800000000000003,-3.9233333333333333
CHICAGO,0,54,2000-02-23,-0.35666666666666674,3.81,-4.3966666666666665
CHICAGO,0,55,2000-02-24,-0.605,3.7,-4.996666666666667
CHICAGO,0,56,2000-02-25,-0.67,3.5266666666666664,-5.17
CHICAGO,0,57,2000-02-26,-1.1416666666666666,2.8466666666666667,-5.363333333333333
CHICAGO,0,58,2000-02-27,-1.1533333333333333,3.056666666666666,-5.256666666666666
CHICAGO,0,59,2000-02-28,-0.8183333333333335,3.7766666666666664,-5.373333333333333
CHICAGO,0,60,2000-02-29,0.4516666666666667,4.593333333333334,-3.893333333333333
CHICAGO,0,61,2000-03-01,-0.5700000000000001,3.646666666666667,-4.85
CHICAGO,0,62,2000-03-02,-1.5083333333333333,2.816666666666667,-6.243333333333334
CHICAGO,0,63,2000-03-03,-0.8616666666666666,3.73,-5.3533333333333335
CHICAGO,0,64,2000-03-04,0.10000000000000006,4.126666666666667,-3.8699999999999997
CHICAGO,0,65,2000-03-05,1.3066666666666669,6.046666666666667,-3.0233333333333334
CHICAGO,0,66,2000-03-06,1.5983333333333334,6.319999999999999,-3.106666666666667
CHICAGO,0,67,2000-03-07,2.138333333333333,6.486666666666666,-2.0533333333333332
CHICAGO,0,68,2000-03-08,2.19,7.093333333333334,-2.3733333333333335
CHICAGO,0,69,2000-03-09,2.4866666666666664,7.116666666666666,-2.546666666666667
CHICAGO,0,70,2000-03-10,1.8916666666666666,6.433333333333334,-2.99
CHICAGO,0,71,2000-03-11,2.0283333333333338,7.15,-3.1399999999999997
CHICAGO,0,72,2000-03-12,2.6666666666666665,7.683333333333334,-1.97
CHICAGO,0,73,2000-03-13,3.7666666666666666,8.9,-1.6099999999999999
CHICAGO,0,74,2000-03-14,3.71,8.793333333333333,-1.56
CHICAGO,0,75,2000-03-15,3.9283333333333332,9.003333333333334,-1.0766666666666667
CHICAGO,0,76,2000-03-16,3.9566666666666666,8.363333333333333,-0.5166666666666667
CHICAGO,0,77,2000-03-17,3.9450000000000003,8.463333333333333,-0.49333333333333335
CHICAGO,0,78,2000-03-18,4.493333333333334,9.04,-0.3766666666666667
CHICAGO,0,79,2000-03-19,4.67,9.06,0.58
CHICAGO,0,80,2000-03-20,5.5649999999999995,10.610000000000001,0.4799999999999999
CHICAGO,0,81,2000-03-21,4.168333333333333,8.413333333333334,-0.6766666666666665
CHICAGO,0,82,2000-03-22,4.2,9.146666666666667,-0.5399999999999998
CHICAGO,0,83,2000-03-23,4.87,10.006666666666666,-0.20666666666666664
CHICAGO,0,84,2000-03-24,4.745,8.88,0.5199999999999999
CHICAGO,0,85,2000-03-25,5.984999999999999,11.356666666666666,1.0533333333333335
CHICAGO,0,86,2000-03-26,6.2266666666666675,11.503333333333332,0.7599999999999999
CHICAGO,0,87,2000-03-27,5.808333333333334,10.976666666666667,0.8466666666666668
CHICAGO,0,88,2000-03-28,5.886666666666667,10.946666666666665,1.0799999999999998
CHICAGO,0,89,2000-03-29,6.681666666666667,12.33,1.1766666666666665
CHICAGO,0,90,2000-03-30,6.661666666666666,12.986666666666668,1.9866666666666668
CHICAGO,0,91,2000-03-31,7.015,12.333333333333334,1.49
CHICAGO,0,92,2000-04-01,7.661666666666666,13.076666666666666,2.33
CHICAGO,0,93,2000-04-02,7.525,12.326666666666666,2.33
CHICAGO,0,94,2000-04-03,7.053333333333333,13.33,1.24
CHICAGO,0,95,2000-04-04,6.34,11.05,1.15
CHICAGO,0,96,2000-04-05,6.963333333333334,13.163333333333332,1.1400000000000001
CHICAGO,0,97,2000-04-06,7.451666666666667,12.976666666666667,2.126666666666667
CHICAGO,0,98,2000-04-07,7.864999999999999,12.776666666666667,3.1133333333333337
CHICAGO,0,99,2000-04-08,7.453333333333333,12.716666666666667,2.23
CHICAGO,0,100,2000-04-09,8.096666666666668,13.536666666666667,1.82
CHICAGO,0,101,2000-04-10,8.568333333333333,14.28,3.4166666666666665
CHICAGO,0,102,2000-04-11,9.136666666666667,14.143333333333334,3.94
CHICAGO,0,103,2000-04-12,8.606666666666666,13.533333333333333,3.433333333333333
CHICAGO,0,104,2000-04-13,9.276666666666667,15.243333333333334,3.4566666666666666
CHICAGO,0,105,2000-04-14,10.416666666666666,15.773333333333333,4.98
CHICAGO,0,106,2000-04-15,9.838333333333333,15.58,4.25
CHICAGO,0,107,2000-04-16,10.07,16.293333333333333,4.173333333333334
CHICAGO,0,108,2000-04-17,10.468333333333334,16.023333333333333,4.39
CHICAGO,0,109,2000-04-18,11.41,17.533333333333335,5.336666666666667
CHICAGO,0,110,2000-04-19,10.891666666666667,16.223333333333333,5.466666666666667
CHICAGO,0,111,2000-04-20,10.463333333333333,15.466666666666667,5.64
CHICAGO,0,112,2000-04-21,10.341666666666667,15.766666666666667,4.553333333333333
CHICAGO,0,113,2000-04-22,10.116666666666667,16.086666666666666,4.013333333333334
CHICAGO,0,114,2000-04-23,11.29,17.509999999999998,5.283333333333333
CHICAGO,0,115,2000-04-24,10.860000000000001,16.46333333333333,5.29
CHICAGO,0,116,2000-04-25,11.88,17.546666666666667,6.16
CHICAGO,0,117,2000-04-26,10.283333333333333,15.49,4.623333333333333
CHICAGO,0,118,2000-04-27,9.78,15.423333333333334,4.203333333333333
CHICAGO,0,119,2000-04-28,11.236666666666668,16.666666666666668,5.8533333333333335
CHICAGO,0,120,2000-04-29,11.893333333333334,16.556666666666665,7.1433333333333335
CHICAGO,0,121,2000-04-30,12.03,17.18,6.963333333333334
CHICAGO,0,122,2000-05-01,12.428333333333335,17.279999999999998,7.306666666666667
CHICAGO,0,123,2000-05-02,12.74,18.259999999999998,7.126666666666667
CHICAGO,0,124,2000-05-03,13.353333333333333,19.029999999999998,7.236666666666666
CHICAGO,0,125,2000-05-04,13.871666666666666,19.283333333333335,8.253333333333334
CHICAGO,0,126,2000-05-05,13.611666666666668,19.290000000000003,8.02
CHICAGO,0,127,2000-05-06,13.906666666666666,20.133333333333333,8.026666666666667
CHICAGO,0,128,2000-05-07,15.106666666666666,21.14333333333333,8.963333333333333
CHICAGO,0,129,2000-05-08,15.806666666666667,21.423333333333336,9.366666666666667
CHICAGO,0,130,2000-05-09,14.898333333333333,20.726666666666667,8.946666666666665
CHICAGO,0,131,2000-05-10,14.133333333333333,19.833333333333332,8.423333333333334
CHICAGO,0,132,2000-05-11,13.49,18.983333333333334,8.15
CHICAGO,0,133,2000-05-12,14.228333333333333,19.796666666666667,8.743333333333334
CHICAGO,0,134,2000-05-13,14.365,20.563333333333333,8.43
CHICAGO,0,135,2000-05-14,14.695,20.486666666666668,8.846666666666666
CHICAGO,0,136,2000-05-15,15.165,21.263333333333332,9.046666666666665
CHICAGO,0,137,2000-05-16,14.803333333333335,20.316666666666666,9.09
CHICAGO,0,138,2000-05-17,15.396666666666667,21.39333333333333,8.923333333333334
CHICAGO,0,139,2000-05-18,15.291666666666666,21.0,9.139999999999999
CHICAGO,0,140,2000-05-19,15.013333333333334,21.173333333333336,8.786666666666667
CHICAGO,0,141,2000-05-20,16.23,22.5,10.056666666666667
CHICAGO,0,142,2000-05-21,16.585,22.766666666666666,10.16
CHICAGO,0,143,2000-05-22,17.408333333333335,23.176666666666666,11.306666666666667
CHICAGO,0,144,2000-05-23,16.571666666666665,22.483333333333334,10.83
CHICAGO,0,145,2000-05-24,16.381666666666668,21.703333333333333,11.403333333333334
CHICAGO,0,146,2000-05-25,16.828333333333333,22.53666666666667,10.836666666666668
CHICAGO,0,147,2000-05-26,17.616666666666667,23.763333333333332,11.483333333333333
CHICAGO,0,148,2000-05-27,18.671666666666667,24.113333333333333,13.129999999999999
CHICAGO,0,149,2000-05-28,18.663333333333334,24.226666666666667,13.120000000000001
CHICAGO,0,150,2000-05-29,19.138333333333332,25.46333333333333,12.493333333333334
CHICAGO,0,151,2000-05-30,18.645,24.516666666666666,12.833333333333334
CHICAGO,0,152,2000-05-31,18.215,24.066666666666666,11.973333333333333
CHICAGO,0,153,2000-06-01,17.061666666666667,22.583333333333332,11.483333333333333
CHICAGO,0,154,2000-06-02,17.278333333333332,22.720000000000002,11.83
CHICAGO,0,155,2000-06-03,17.766666666666666,23.803333333333335,11.633333333333333
CHICAGO,0,156,2000-06-04,18.078333333333333,23.646666666666665,11.993333333333334
CHICAGO,0,157,2000-06-05,18.368333333333336,24.59333333333333,12.243333333333334
CHICAGO,0,158,2000-06-06,20.081666666666667,26.166666666666668,13.75
CHICAGO,0,159,2000-06-07,19.288333333333334,25.05,13.223333333333333
CHICAGO,0,160,2000-06-08,19.755,26.116666666666667,13.753333333333334
CHICAGO,0,161,2000-06-09,20.646666666666665,26.18,15.163333333333332
CHICAGO,0,162,2000-06-10,20.7,26.126666666666665,15.303333333333335
CHICAGO,0,163,2000-06-11,20.865000000000002,26.206666666666667,15.276666666666667
CHICAGO,0,164,2000-06-12,20.473333333333336,26.123333333333335,14.69
CHICAGO,0,165,2000-06-13,20.803333333333335,27.15,14.79
CHICAGO,0,166,2000-06-14,21.316666666666666,27.18,15.54
CHICAGO,0,167,2000-06-15,21.846666666666668,27.616666666666667,15.85
CHICAGO,0,168,2000-06-16,22.171666666666667,27.946666666666665,16.356666666666666
CHICAGO,0,169,2000-06-17,22.45,28.333333333333332,16.056666666666665
CHICAGO,0,170,2000-06-18,21.803333333333335,27.513333333333332,16.016666666666666
CHICAGO,0,171,2000-06-19,22.011666666666667,28.023333333333333,16.203333333333333
CHICAGO,0,172,2000-06-20,22.515,27.933333333333334,17.006666666666668
CHICAGO,0,173,2000-06-21,22.035,27.290000000000003,16.756666666666668
CHICAGO,0,174,2000-06-22,22.278333333333332,27.703333333333333,16.796666666666667
CHICAGO,0,175,2000-06-23,22.83833333333333,28.466666666666665,17.206666666666663
CHICAGO,0,176,2000-06-24,22.605,28.55,16.81
CHICAGO,0,177,2000-06-25,22.355,28.006666666666664,16.87333333333333
CHICAGO,0,178,2000-06-26,23.06,29.09333333333333,17.31
CHICAGO,0,179,2000-06-27,22.884999999999998,28.740000000000002,17.28666666666667
CHICAGO,0,180,2000-06-28,22.658333333333335,27.990000000000002,17.153333333333332
CHICAGO,0,181,2000-06-29,22.631666666666668,28.403333333333332,16.95
CHICAGO,0,182,2000-06-30,22.586666666666666,28.15,17.053333333333335
CHICAGO,0,183,2000-07-01,22.586666666666666,28.223333333333333,16.543333333333333
CHICAGO,0,184,2000-07-02,23.33833333333333,29.17,17.576666666666664
CHICAGO,0,185,2000-07-03,23.446666666666665,28.56,18.386666666666667
CHICAGO,0,186,2000-07-04,23.946666666666665,29.466666666666665,18.416666666666668
CHICAGO,0,187,2000-07-05,24.008333333333333,29.540000000000003,18.259999999999998
CHICAGO,0,188,2000-07-06,23.853333333333335,29.37,17.983333333333334
CHICAGO,0,189,2000-07-07,23.533333333333335,28.779999999999998,18.19
CHICAGO,0,190,2000-07-08,23.413333333333334,29.12,17.883333333333333
CHICAGO,0,191,2000-07-09,23.64,28.709999999999997,18.11
CHICAGO,0,192,2000-07-10,22.706666666666667,27.90666666666667,17.206666666666667
CHICAGO,0,193,2000-07-11,23.290000000000003,29.040000000000003,17.593333333333337
CHICAGO,0,194,2000-07-12,23.855,29.033333333333335,18.61
CHICAGO,0,195,2000-07-13,24.071666666666665,29.543333333333333,18.259999999999998
CHICAGO,0,196,2000-07-14,24.113333333333333,29.816666666666666,18.59
CHICAGO,0,197,2000-07-15,24.44,29.91,18.653333333333332
CHICAGO,0,198,2000-07-16,24.668333333333333,30.163333333333334,19.353333333333335
CHICAGO,0,199,2000-07-17,24.951666666666664,30.296666666666667,19.796666666666667
CHICAGO,0,200,2000-07-18,24.959999999999997,30.186666666666667,19.46333333333333
CHICAGO,0,201,2000-07-19,24.341666666666665,29.596666666666668,18.853333333333335
CHICAGO,0,202,2000-07-20,24.39,29.183333333333334,19.603333333333335
CHICAGO,0,203,2000-07-21,23.566666666666666,28.266666666666666,19.029999999999998
CHICAGO,0,204,2000-07-22,23.23166666666667,28.220000000000002,17.94
CHICAGO,0,205,2000-07-23,23.308333333333334,28.44,18.003333333333334
CHICAGO,0,206,2000-07-24,23.37,28.759999999999998,18.116666666666667
CHICAGO,0,207,2000-07-25,23.60166666666667,28.553333333333335,18.41
CHICAGO,0,208,2000-07-26,23.865000000000002,28.873333333333335,18.59333333333333
CHICAGO,0,209,2000-07-27,23.476666666666667,28.566666666666666,18.236666666666668
CHICAGO,0,210,2000-07-28,23.305,28.753333333333334,17.779999999999998
CHICAGO,0,211,2000-07-29,23.35666666666667,28.91,17.720000000000002
CHICAGO,0,212,2000-07-30,23.89,29.016666666666666,18.586666666666666
CHICAGO,0,213,2000-07-31,24.175,29.563333333333333,18.80666666666667
CHICAGO,0,214,2000-08-01,23.93,29.646666666666665,18.216666666666665
CHICAGO,0,215,2000-08-02,23.886666666666667,29.470000000000002,18.15666666666667
CHICAGO,0,216,2000-08-03,22.985,27.956666666666667,18.016666666666666
CHICAGO,0,217,2000-08-04,22.476666666666667,27.723333333333336,17.34
CHICAGO,0,218,2000-08-05,22.71833333333333,27.513333333333332,17.87
CHICAGO,0,219,2000-08-06,23.096666666666668,28.236666666666668,17.85666666666667
CHICAGO,0,220,2000-08-07,23.37,28.526666666666664,18.116666666666667
CHICAGO,0,221,2000-08-08,23.38,28.263333333333332,18.513333333333332
CHICAGO,0,222,2000-08-09,23.833333333333332,28.94,18.793333333333333
CHICAGO,0,223,2000-08-10,22.715,27.516666666666666,17.903333333333332
CHICAGO,0,224,2000-08-11,21.009999999999998,27.279999999999998,17.723333333333336
CHICAGO,0,225,2000-08-12,22.23,27.29,17.103333333333335
CHICAGO,0,226,2000-08-13,22.045,27.033333333333335,17.07
CHICAGO,0,227,2000-08-14,22.448333333333334,27.886666666666667,17.10666666666667
CHICAGO,0,228,2000-08-15,23.118333333333332,28.613333333333333,17.746666666666666
CHICAGO,0,229,2000-08-16,22.528333333333332,27.60666666666667,17.37
CHICAGO,0,230,2000-08-17,22.101666666666667,27.073333333333334,17.30666666666667
CHICAGO,0,231,2000-08-18,22.223333333333336,27.016666666666666,17.253333333333334
CHICAGO,0,232,2000-08-19,21.918333333333333,26.886666666666667,16.896666666666665
CHICAGO,0,233,2000-08-20,22.276666666666664,27.613333333333333,16.816666666666666
CHICAGO,0,234,2000-08-21,22.0,27.220000000000002,16.5
CHICAGO,0,235,2000-08-22,22.183333333333334,27.43,16.62666666666667
CHICAGO,0,236,2000-08-23,22.928333333333335,28.0,17.90666666666667
CHICAGO,0,237,2000-08-24,23.253333333333334,28.753333333333334,18.17
CHICAGO,0,238,2000-08-25,23.423333333333336,28.636666666666667,18.206666666666667
CHICAGO,0,239,2000-08-26,23.36,28.39333333333333,18.576666666666664
CHICAGO,0,240,2000-08-27,22.73166666666667,27.313333333333333,17.96333333333333
CHICAGO,0,241,2000-08-28,22.345000000000002,27.15666666666667,17.59333333333333
CHICAGO,0,242,2000-08-29,21.945,26.59,17.06
CHICAGO,0,243,2000-08-30,21.308333333333334,26.523333333333333,16.263333333333332
CHICAGO,0,244,2000-08-31,21.451666666666664,26.743333333333332,15.966666666666667
CHICAGO,0,245,2000-09-01,21.553333333333335,27.07,15.979999999999999
CHICAGO,0,246,2000-09-02,21.951666666666664,27.63,16.573333333333334
CHICAGO,0,247,2000-09-03,21.101666666666667,26.626666666666665,15.556666666666667
CHICAGO,0,248,2000-09-04,20.66166666666667,26.46,14.443333333333333
CHICAGO,0,249,2000-09-05,21.131666666666668,26.663333333333334,15.629999999999999
CHICAGO,0,250,2000-09-06,21.035,26.783333333333335,15.433333333333334
CHICAGO,0,251,2000-09-07,21.025,25.56,16.01
CHICAGO,0,252,2000-09-08,20.081666666666667,24.790000000000003,15.336666666666668
CHICAGO,0,253,2000-09-09,19.736666666666668,24.793333333333333,14.366666666666667
CHICAGO,0,254,2000-09-10,19.248333333333335,24.803333333333335,13.523333333333333
CHICAGO,0,255,2000-09-11,19.748333333333335,25.610000000000003,13.663333333333332
CHICAGO,0,256,2000-09-12,19.540000000000003,24.83,14.206666666666667
CHICAGO,0,257,2000-09-13,18.763333333333332,24.626666666666665,13.306666666666667
CHICAGO,0,258,2000-09-14,18.541666666666668,23.413333333333334,13.616666666666667
CHICAGO,0,259,2000-09-15,18.615000000000002,23.85,13.28
CHICAGO,0,260,2000-09-16,18.375,24.44333333333333,12.49
CHICAGO,0,261,2000-09-17,18.871666666666666,24.263333333333332,13.139999999999999
CHICAGO,0,262,2000-09-18,18.35,23.586666666666666,13.129999999999999
CHICAGO,0,263,2000-09-19,17.921666666666667,23.926666666666666,12.166666666666666
CHICAGO,0,264,2000-09-20,17.84,23.09,11.979999999999999
CHICAGO,0,265,2000-09-21,16.906666666666666,22.07,11.706666666666667
CHICAGO,0,266,2000-09-22,16.571666666666665,22.37,10.893333333333334
CHICAGO,0,267,2000-09-23,16.558333333333334,21.709999999999997,11.356666666666666
CHICAGO,0,268,2000-09-24,16.906666666666666,22.55,11.236666666666666
CHICAGO,0,269,2000-09-25,16.82,22.186666666666667,11.356666666666666
CHICAGO,0,270,2000-09-26,16.25166666666667,21.303333333333335,10.943333333333333
CHICAGO,0,271,2000-09-27,15.558333333333334,20.646666666666665,10.116666666666667
CHICAGO,0,272,2000-09-28,14.626666666666667,19.57,9.43
CHICAGO,0,273,2000-09-29,15.438333333333333,20.94,9.83
CHICAGO,0,274,2000-09-30,14.979999999999999,20.523333333333333,9.743333333333334
CHICAGO,0,275,2000-10-01,15.405,20.59333333333333,10.033333333333333
CHICAGO,0,276,2000-10-02,15.383333333333333,20.203333333333333,10.29
CHICAGO,0,277,2000-10-03,14.229999999999999,19.256666666666668,8.979999999999999
CHICAGO,0,278,2000-10-04,13.633333333333333,19.08,8.423333333333334
CHICAGO,0,279,2000-10-05,13.721666666666666,19.32,8.043333333333333
CHICAGO,0,280,2000-10-06,14.391666666666667,20.209999999999997,8.9
CHICAGO,0,281,2000-10-07,14.935,21.02,8.76
CHICAGO,0,282,2000-10-08,14.103333333333333,19.576666666666664,8.363333333333333
CHICAGO,0,283,2000-10-09,13.386666666666665,18.936666666666667,7.433333333333334
CHICAGO,0,284,2000-10-10,12.82,18.58,6.6899999999999995
CHICAGO,0,285,2000-10-11,12.8,18.39,7.17
CHICAGO,0,286,2000-10-12,12.238333333333333,17.853333333333335,6.37
CHICAGO,0,287,2000-10-13,11.78,16.63,6.75
CHICAGO,0,288,2000-10-14,12.061666666666666,17.096666666666668,7.13
CHICAGO,0,289,2000-10-15,11.368333333333334,16.006666666666668,6.496666666666667
CHICAGO,0,290,2000-10-16,11.131666666666666,15.946666666666665,6.173333333333334
CHICAGO,0,291,2000-10-17,10.968333333333334,16.686666666666667,5.29
CHICAGO,0,292,2000-10-18,10.825,15.78,5.706666666666666
CHICAGO,0,293,2000-10-19,10.536666666666667,15.81,5.22
CHICAGO,0,294,2000-10-20,11.01,15.886666666666667,5.97
CHICAGO,0,295,2000-10-21,10.108333333333333,15.110000000000001,4.653333333333333
CHICAGO,0,296,2000-10-22,10.511666666666667,15.610000000000001,5.7733333333333325
CHICAGO,0,297,2000-10-23,11.091666666666667,15.42,6.236666666666666
CHICAGO,0,298,2000-10-24,10.193333333333333,14.903333333333334,5.3533333333333335
CHICAGO,0,299,2000-10-25,10.176666666666668,14.25,5.256666666666666
CHICAGO,0,300,2000-10-26,8.871666666666666,12.85,4.906666666666666
CHICAGO,0,301,2000-10-27,8.983333333333333,13.04,4.34
CHICAGO,0,302,2000-10-28,8.173333333333334,12.983333333333333,3.393333333333333
CHICAGO,0,303,2000-10-29,9.870000000000001,14.643333333333334,4.92
CHICAGO,0,304,2000-10-30,8.913333333333332,12.906666666666666,4.26
CHICAGO,0,305,2000-10-31,7.735,12.44,3.08
CHICAGO,0,306,2000-11-01,7.621666666666667,12.063333333333333,3.2133333333333334
CHICAGO,0,307,2000-11-02,6.795,11.17,2.4733333333333336
CHICAGO,0,308,2000-11-03,7.828333333333333,12.393333333333334,3.3666666666666667
CHICAGO,0,309,2000-11-04,7.361666666666666,11.479999999999999,3.006666666666667
CHICAGO,0,310,2000-11-05,6.941666666666666,11.413333333333332,1.8666666666666667
CHICAGO,0,311,2000-11-06,6.488333333333333,11.056666666666667,1.5866666666666667
CHICAGO,0,312,2000-11-07,6.2,11.04,1.7466666666666668
CHICAGO,0,313,2000-11-08,6.7733333333333325,11.683333333333334,1.6166666666666667
CHICAGO,0,314,2000-11-09,6.208333333333333,10.9,1.4833333333333334
CHICAGO,0,315,2000-11-10,5.913333333333333,9.94,1.1666666666666667
CHICAGO,0,316,2000-11-11,4.425,8.370000000000001,-0.13000000000000003
CHICAGO,0,317,2000-11-12,4.591666666666667,9.256666666666666,-0.020000000000000025
CHICAGO,0,318,2000-11-13,4.295,8.8,-0.10000000000000003
CHICAGO,0,319,2000-11-14,4.223333333333334,8.306666666666667,0.4033333333333332
CHICAGO,0,320,2000-11-15,3.5633333333333335,7.28,-0.22666666666666668
CHICAGO,0,321,2000-11-16,3.9516666666666667,7.943333333333333,0.04666666666666659
CHICAGO,0,322,2000-11-17,5.126666666666667,9.183333333333334,0.6466666666666667
CHICAGO,0,323,2000-11-18,4.748333333333333,9.09,0.01666666666666672
CHICAGO,0,324,2000-11-19,4.2283333333333335,8.153333333333332,0.35
CHICAGO,0,325,2000-11-20,4.238333333333333,8.186666666666666,-0.4133333333333334
CHICAGO,0,326,2000-11-21,3.19,7.54,-1.2933333333333334
CHICAGO,0,327,2000-11-22,3.4,7.6899999999999995,-0.7766666666666667
CHICAGO,0,328,2000-11-23,2.52,6.706666666666666,-1.7533333333333334
CHICAGO,0,329,2000-11-24,2.658333333333333,6.203333333333333,-1.1900000000000002
CHICAGO,0,330,2000-11-25,2.6333333333333333,6.613333333333333,-1.5366666666666666
CHICAGO,0,331,2000-11-26,2.518333333333333,6.55,-1.76
CHICAGO,0,332,2000-11-27,2.0966666666666667,6.033333333333333,-1.9666666666666666
CHICAGO,0,333,2000-11-28,2.4466666666666668,6.5,-1.37
CHICAGO,0,334,2000-11-29,2.9,7.24,-1.5433333333333334
CHICAGO,0,335,2000-11-30,1.7516666666666667,5.213333333333334,-2.1
CHICAGO,0,336,2000-12-01,1.6700000000000002,5.3533333333333335,-2.01
CHICAGO,0,337,2000-12-02,1.6766666666666665,5.2,-1.6433333333333335
CHICAGO,0,338,2000-12-03,1.785,5.28,-1.7633333333333332
CHICAGO,0,339,2000-12-04,0.22166666666666673,3.9699999999999998,-3.8800000000000003
CHICAGO,0,340,2000-12-05,-1.73,1.8766666666666667,-5.786666666666666
CHICAGO,0,341,2000-12-06,-1.7466666666666666,1.1866666666666668,-4.79
CHICAGO,0,342,2000-12-07,-1.4483333333333333,2.356666666666667,-4.9399999999999995
CHICAGO,0,343,2000-12-08,-1.2349999999999999,2.0633333333333335,-5.446666666666667
CHICAGO,0,344,2000-12-09,-1.5916666666666666,2.4899999999999998,-5.666666666666667
CHICAGO,0,345,2000-12-10,-1.4616666666666667,2.3233333333333333,-5.3133333333333335
CHICAGO,0,346,2000-12-11,-0.985,3.1533333333333333,-4.85
CHICAGO,0,347,2000-12-12,-0.26499999999999996,3.5233333333333334,-3.9633333333333334
CHICAGO,0,348,2000-12-13,0.006666666666666672,3.3333333333333335,-3.7266666666666666
CHICAGO,0,349,2000-12-14,-0.555,3.2199999999999998,-4.506666666666666
CHICAGO,0,350,2000-12-15,-1.103333333333333,3.0233333333333334,-5.29
CHICAGO,0,351,2000-12-16,-1.4066666666666665,1.77,-4.69
CHICAGO,0,352,2000-12-17,-2.2983333333333333,1.2966666666666666,-5.766666666666667
CHICAGO,0,353,2000-12-18,-2.356666666666667,1.5733333333333335,-6.106666666666667
CHICAGO,0,354,2000-12-19,-2.4200000000000004,1.1133333333333333,-5.836666666666667
CHICAGO,0,355,2000-12-20,-1.7516666666666667,1.6566666666666667,-5.073333333333334
CHICAGO,0,356,2000-12-21,-1.4216666666666666,2.3866666666666663,-5.236666666666666
CHICAGO,0,357,2000-12-22,-2.0433333333333334,1.2433333333333332,-5.8533333333333335
CHICAGO,0,358,2000-12-23,-2.953333333333333,0.7666666666666667,-6.553333333333333
CHICAGO,0,359,2000-12-24,-3.4316666666666666,0.8933333333333333,-7.716666666666667
CHICAGO,0,360,2000-12-25,-3.783333333333333,0.15333333333333332,-7.54
CHICAGO,0,361,2000-12-26,-2.23,1.39,-6.176666666666667
CHICAGO,0,362,2000-12-27,-1.745,2.42,-5.696666666666667
CHICAGO,0,363,2000-12-28,-1.22,2.1599999999999997,-5.35
CHICAGO,0,364,2000-12-29,-2.038333333333333,1.3233333333333335,-5.746666666666667
CHICAGO,0,365,2000-12-30,-1.8333333333333335,1.41,-5.033333333333333
CHICAGO,0,366,2000-12-31,-2.6437500000000003,1.75,-7.9125
NEW YORK,1,1,2000-01-01,2.555,5.873333333333333,-1.0233333333333332
NEW YORK,1,2,2000-01-02,2.24,5.5233333333333325,-1.146666666666667
NEW YORK,1,3,2000-01-03,2.378333333333333,5.2266666666666675,-0.5833333333333334
NEW YORK,1,4,2000-01-04,2.69,6.053333333333333,-0.9
NEW YORK,1,5,2000-01-05,2.21,5.28,-0.9666666666666666
NEW YORK,1,6,2000-01-06,2.038333333333333,5.026666666666667,-1.41
NEW YORK,1,7,2000-01-07,1.2783333333333333,4.1433333333333335,-1.8333333333333333
NEW YORK,1,8,2000-01-08,0.855,4.1433333333333335,-2.0566666666666666
NEW YORK,1,9,2000-01-09,1.7950000000000002,4.930000000000001,-1.2766666666666666
NEW YORK,1,10,2000-01-10,1.48,4.5633333333333335,-1.3833333333333333
NEW YORK,1,11,2000-01-11,1.8483333333333334,5.076666666666667,-1.1766666666666665
NEW YORK,1,12,2000-01-12,3.591666666666667,6.760000000000001,0.43666666666666665
NEW YORK,1,13,2000-01-13,3.5266666666666664,7.22,-0.8533333333333334
NEW YORK,1,14,2000-01-14,0.8599999999999999,4.196666666666667,-2.3133333333333335
NEW YORK,1,15,2000-01-15,0.49666666666666653,3.74,-2.5266666666666664
NEW YORK,1,16,2000-01-16,0.825,4.33,-2.8400000000000003
NEW YORK,1,17,2000-01-17,0.51,3.8466666666666667,-3.1466666666666665
NEW YORK,1,18,2000-01-18,0.03333333333333342,3.893333333333333,-3.6733333333333333
NEW YORK,1,19,2000-01-19,0.018333333333333268,3.1333333333333333,-3.06
NEW YORK,1,20,2000-01-20,0.7,3.74,-2.5633333333333335
NEW YORK,1,21,2000-01-21,-1.2266666666666668,1.9566666666666668,-4.586666666666667
NEW YORK,1,22,2000-01-22,-0.87,2.26,-3.9200000000000004
NEW YORK,1,23,2000-01-23,0.43333333333333324,4.04,-2.9766666666666666
NEW YORK,1,24,2000-01-24,1.77,5.3533333333333335,-2.17
NEW YORK,1,25,2000-01-25,0.5983333333333334,3.6733333333333333,-2.3699999999999997
NEW YORK,1,26,2000-01-26,-0.24999999999999997,2.96,-3.29
NEW YORK,1,27,2000-01-27,0.9283333333333333,4.683333333333334,-2.9366666666666665
NEW YORK,1,28,2000-01-28,1.2966666666666666,4.556666666666667,-2.1933333333333334
NEW YORK,1,29,2000-01-29,1.38,4.596666666666667,-1.9033333333333333
NEW YORK,1,30,2000-01-30,1.475,4.833333333333333,-2.5166666666666666
NEW YORK,1,31,2000-01-31,0.48500000000000004,3.9733333333333336,-2.7766666666666664
NEW YORK,1,32,2000-02-01,1.8716666666666666,5.4399999999999995,-1.5566666666666669
NEW YORK,1,33,2000-02-02,1.7516666666666665,5.336666666666667,-2.186666666666667
NEW YORK,1,34,2000-02-03,1.9016666666666666,5.8,-1.6833333333333333
NEW YORK,1,35,2000-02-04,2.3149999999999995,5.863333333333333,-1.0033333333333332
NEW YORK,1,36,2000-02-05,1.87,5.35,-1.8466666666666667
NEW YORK,1,37,2000-02-06,1.3233333333333335,4.743333333333334,-2.1966666666666668
NEW YORK,1,38,2000-02-07,1.49,5.12,-1.6466666666666667
NEW YORK,1,39,2000-02-08,1.315,4.39,-1.9266666666666667
NEW YORK,1,40,2000-02-09,0.9583333333333334,4.343333333333334,-2.5833333333333335
NEW YORK,1,41,2000-02-10,1.7716666666666667,5.27,-1.45
NEW YORK,1,42,2000-02-11,1.555,5.433333333333334,-2.17
NEW YORK,1,43,2000-02-12,0.35666666666666674,3.72,-3.24
NEW YORK,1,44,2000-02-13,0.31500000000000006,3.566666666666667,-3.21
NEW YORK,1,45,2000-02-14,1.305,5.073333333333333,-2.3066666666666666
NEW YORK,1,46,2000-02-15,1.5733333333333333,5.513333333333334,-2.14
NEW YORK,1,47,2000-02-16,1.915,5.286666666666666,-1.8599999999999999
NEW YORK,1,48,2000-02-17,1.6366666666666667,5.36,-1.9966666666666666
NEW YORK,1,49,2000-02-18,2.4516666666666667,6.39,-1.3300000000000003
NEW YORK,1,50,2000-02-19,2.8833333333333333,7.126666666666667,-1.6066666666666667
NEW YORK,1,51,2000-02-20,3.885,7.576666666666667,0.2666666666666667
NEW YORK,1,52,2000-02-21,4.256666666666667,8.303333333333333,0.47000000000000003
NEW YORK,1,53,2000-02-22,4.283333333333333,8.023333333333333,0.6733333333333333
NEW YORK,1,54,2000-02-23,3.4733333333333336,6.963333333333334,-0.28666666666666674
NEW YORK,1,55,2000-02-24,2.9033333333333333,6.84,-0.5966666666666666
NEW YORK,1,56,2000-02-25,3.4,6.833333333333333,-0.42999999999999994
NEW YORK,1,57,2000-02-26,2.615,5.693333333333333,-0.5800000000000001
NEW YORK,1,58,2000-02-27,2.9916666666666667,6.963333333333334,-1.0
NEW YORK,1,59,2000-02-28,3.5483333333333333,7.526666666666667,-0.10666666666666667
NEW YORK,1,60,2000-02-29,3.631666666666667,7.3966666666666665,-0.03666666666666677
NEW YORK,1,61,2000-03-01,4.401666666666666,8.186666666666666,0.49
NEW YORK,1,62,2000-03-02,3.4183333333333334,7.1433333333333335,-0.4366666666666667
NEW YORK,1,63,2000-03-03,3.0383333333333336,6.3933333333333335,-0.3733333333333333
NEW YORK,1,64,2000-03-04,3.5283333333333333,7.17,-0.06666666666666667
NEW YORK,1,65,2000-03-05,4.038333333333333,7.9366666666666665,0.14999999999999988
NEW YORK,1,66,2000-03-06,4.45,8.406666666666668,0.7899999999999999
NEW YORK,1,67,2000-03-07,5.181666666666667,9.693333333333333,1.0866666666666667
NEW YORK,1,68,2000-03-08,5.391666666666667,9.483333333333333,1.3066666666666664
NEW YORK,1,69,2000-03-09,5.308333333333334,10.223333333333333,0.63
NEW YORK,1,70,2000-03-10,5.663333333333333,9.56,1.8933333333333335
NEW YORK,1,71,2000-03-11,5.325,8.996666666666666,1.0100000000000002
NEW YORK,1,72,2000-03-12,4.991666666666666,8.793333333333333,1.096666666666667
NEW YORK,1,73,2000-03-13,5.713333333333334,9.866666666666667,1.8066666666666664
NEW YORK,1,74,2000-03-14,6.368333333333334,10.406666666666666,2.4766666666666666
NEW YORK,1,75,2000-03-15,6.0,10.023333333333333,1.9833333333333334
NEW YORK,1,76,2000-03-16,5.673333333333333,9.903333333333334,1.3666666666666667
NEW YORK,1,77,2000-03-17,5.506666666666666,9.466666666666667,1.6900000000000002
NEW YORK,1,78,2000-03-18,5.415,9.013333333333332,1.9533333333333334
NEW YORK,1,79,2000-03-19,5.901666666666667,9.19,2.5833333333333335
NEW YORK,1,80,2000-03-20,6.21,10.126666666666667,2.743333333333333
NEW YORK,1,81,2000-03-21,6.585,10.446666666666665,2.5766666666666667
NEW YORK,1,82,2000-03-22,5.621666666666667,9.206666666666667,2.0166666666666666
NEW YORK,1,83,2000-03-23,6.3966666666666665,10.633333333333333,2.5233333333333334
NEW YORK,1,84,2000-03-24,6.95,10.683333333333334,2.95
NEW YORK,1,85,2000-03-25,7.2683333333333335,10.983333333333333,3.4733333333333336
NEW YORK,1,86,2000-03-26,8.306666666666667,12.84,3.893333333333333
NEW YORK,1,87,2000-03-27,8.643333333333334,12.853333333333333,4.7266666666666675
NEW YORK,1,88,2000-03-28,9.32,13.316666666666666,5.6899999999999995
NEW YORK,1,89,2000-03-29,9.251666666666667,13.129999999999999,5.433333333333334
NEW YORK,1,90,2000-03-30,8.798333333333334,12.803333333333335,4.796666666666667
NEW YORK,1,91,2000-03-31,8.666666666666666,12.73,4.903333333333333
NEW YORK,1,92,2000-04-01,9.233333333333333,13.326666666666666,5.406666666666666
NEW YORK,1,93,2000-04-02,9.798333333333334,13.876666666666667,5.793333333333334
NEW YORK,1,94,2000-04-03,9.138333333333332,13.106666666666666,5.156666666666666
NEW YORK,1,95,2000-04-04,8.956666666666667,13.370000000000001,4.71
NEW YORK,1,96,2000-04-05,8.82,13.496666666666666,4.966666666666667
NEW YORK,1,97,2000-04-06,10.42,15.206666666666667,5.533333333333333
NEW YORK,1,98,2000-04-07,10.458333333333334,14.96,6.41
NEW YORK,1,99,2000-04-08,10.575,15.276666666666667,5.906666666666666
NEW YORK,1,100,2000-04-09,10.188333333333333,14.683333333333334,5.833333333333333
NEW YORK,1,101,2000-04-10,10.905,15.126666666666667,6.483333333333333
NEW YORK,1,102,2000-04-11,10.270000000000001,14.646666666666667,6.4399999999999995
NEW YORK,1,103,2000-04-12,12.316666666666666,17.163333333333334,7.8100000000000005
NEW YORK,1,104,2000-04-13,12.27,16.553333333333335,7.986666666666666
NEW YORK,1,105,2000-04-14,12.246666666666666,16.403333333333332,7.616666666666666
NEW YORK,1,106,2000-04-15,12.54,17.296666666666667,8.186666666666666
NEW YORK,1,107,2000-04-16,12.825,16.733333333333334,8.696666666666665
NEW YORK,1,108,2000-04-17,12.35,16.906666666666666,8.05
NEW YORK,1,109,2000-04-18,12.946666666666665,17.956666666666667,8.110000000000001
NEW YORK,1,110,2000-04-19,13.148333333333333,17.38,8.743333333333334
NEW YORK,1,111,2000-04-20,12.93,17.2,8.78
NEW YORK,1,112,2000-04-21,12.721666666666668,16.953333333333333,8.48
NEW YORK,1,113,2000-04-22,12.805,17.206666666666667,8.453333333333333
NEW YORK,1,114,2000-04-23,13.631666666666666,18.509999999999998,8.686666666666667
NEW YORK,1,115,2000-04-24,13.389999999999999,18.256666666666668,8.68
NEW YORK,1,116,2000-04-25,13.405,18.043333333333333,9.233333333333333
NEW YORK,1,117,2000-04-26,13.408333333333333,17.486666666666668,9.03
NEW YORK,1,118,2000-04-27,13.773333333333333,18.35,9.683333333333334
NEW YORK,1,119,2000-04-28,13.856666666666666,18.256666666666668,9.336666666666668
NEW YORK,1,120,2000-04-29,13.870000000000001,18.2,9.6
NEW YORK,1,121,2000-04-30,14.873333333333333,19.96333333333333,10.373333333333333
NEW YORK,1,122,2000-05-01,15.623333333333333,20.253333333333334,11.183333333333334
NEW YORK,1,123,2000-05-02,15.728333333333333,19.853333333333335,11.673333333333334
NEW YORK,1,124,2000-05-03,15.595,19.886666666666667,11.543333333333333
NEW YORK,1,125,2000-05-04,15.568333333333333,19.53666666666667,11.41
NEW YORK,1,126,2000-05-05,15.139999999999999,19.316666666666666,11.06
NEW YORK,1,127,2000-05-06,15.196666666666665,19.720000000000002,10.716666666666667
NEW YORK,1,128,2000-05-07,15.295,19.82,11.073333333333332
NEW YORK,1,129,2000-05-08,15.593333333333334,20.016666666666666,11.333333333333334
NEW YORK,1,130,2000-05-09,16.393333333333334,21.09,12.22
NEW YORK,1,131,2000-05-10,16.638333333333332,21.153333333333332,12.246666666666666
NEW YORK,1,132,2000-05-11,17.37,21.986666666666668,12.493333333333334
NEW YORK,1,133,2000-05-12,15.251666666666667,19.073333333333334,10.963333333333333
NEW YORK,1,134,2000-05-13,15.575,20.41,11.253333333333334
NEW YORK,1,135,2000-05-14,17.323333333333334,22.720000000000002,12.586666666666668
NEW YORK,1,136,2000-05-15,17.935,22.67,13.076666666666666
NEW YORK,1,137,2000-05-16,17.046666666666667,21.386666666666667,12.9
NEW YORK,1,138,2000-05-17,16.696666666666665,20.516666666666666,12.556666666666667
NEW YORK,1,139,2000-05-18,16.69,21.153333333333332,12.443333333333333
NEW YORK,1,140,2000-05-19,17.26,22.336666666666666,12.316666666666666
NEW YORK,1,141,2000-05-20,17.898333333333333,22.776666666666664,13.093333333333334
NEW YORK,1,142,2000-05-21,17.483333333333334,21.759999999999998,13.18
NEW YORK,1,143,2000-05-22,17.668333333333333,22.4,13.370000000000001
NEW YORK,1,144,2000-05-23,19.581666666666667,24.653333333333332,14.426666666666668
NEW YORK,1,145,2000-05-24,19.040000000000003,23.59,14.78
NEW YORK,1,146,2000-05-25,19.253333333333334,23.87,15.096666666666666
NEW YORK,1,147,2000-05-26,19.706666666666667,24.34,14.906666666666666
NEW YORK,1,148,2000-05-27,19.740000000000002,24.15666666666667,15.286666666666665
NEW YORK,1,149,2000-05-28,20.26833333333333,25.273333333333333,15.663333333333332
NEW YORK,1,150,2000-05-29,20.959999999999997,25.796666666666667,16.356666666666666
NEW YORK,1,151,2000-05-30,21.203333333333333,26.226666666666667,16.46333333333333
NEW YORK,1,152,2000-05-31,20.915000000000003,25.459999999999997,16.336666666666666
NEW YORK,1,153,2000-06-01,20.811666666666667,25.293333333333333,16.25
NEW YORK,1,154,2000-06-02,20.313333333333333,24.666666666666668,15.706666666666667
NEW YORK,1,155,2000-06-03,19.493333333333332,23.90666666666667,15.246666666666666
NEW YORK,1,156,2000-06-04,20.025,24.293333333333333,16.053333333333335
NEW YORK,1,157,2000-06-05,19.831666666666667,23.676666666666666,16.076666666666668
NEW YORK,1,158,2000-06-06,20.183333333333334,24.783333333333335,15.953333333333335
NEW YORK,1,159,2000-06-07,21.64,26.45,16.87333333333333
NEW YORK,1,160,2000-06-08,22.391666666666666,27.52,17.39333333333333
NEW YORK,1,161,2000-06-09,22.666666666666668,26.973333333333336,18.25
NEW YORK,1,162,2000-06-10,22.828333333333333,27.313333333333333,18.490000000000002
NEW YORK,1,163,2000-06-11,22.761666666666667,27.33,18.39
NEW YORK,1,164,2000-06-12,21.805,25.623333333333335,17.7
NEW YORK,1,165,2000-06-13,21.62,25.603333333333335,17.59
NEW YORK,1,166,2000-06-14,21.935,26.65,17.353333333333335
NEW YORK,1,167,2000-06-15,22.423333333333336,27.113333333333333,18.033333333333335
NEW YORK,1,168,2000-06-16,22.735,26.80666666666667,18.726666666666667
NEW YORK,1,169,2000-06-17,23.351666666666667,27.523333333333333,19.243333333333332
NEW YORK,1,170,2000-06-18,23.44,27.540000000000003,19.40666666666667
NEW YORK,1,171,2000-06-19,23.008333333333333,27.263333333333332,18.95
NEW YORK,1,172,2000-06-20,23.220000000000002,27.48,19.276666666666664
NEW YORK,1,173,2000-06-21,23.798333333333336,27.95,19.63
NEW YORK,1,174,2000-06-22,23.971666666666668,28.040000000000003,19.96333333333333
NEW YORK,1,175,2000-06-23,24.176666666666666,28.446666666666665,20.046666666666667
NEW YORK,1,176,2000-06-24,24.839999999999996,29.57,20.35
NEW YORK,1,177,2000-06-25,25.66,30.14333333333333,21.073333333333334
NEW YORK,1,178,2000-06-26,24.85666666666667,29.176666666666666,20.516666666666666
NEW YORK,1,179,2000-06-27,25.226666666666667,29.990000000000002,20.9
NEW YORK,1,180,2000-06-28,25.148333333333333,29.326666666666664,21.11
NEW YORK,1,181,2000-06-29,25.158333333333335,29.733333333333334,20.81
NEW YORK,1,182,2000-06-30,24.633333333333333,28.863333333333333,20.646666666666665
NEW YORK,1,183,2000-07-01,24.93166666666667,29.0,20.92666666666667
NEW YORK,1,184,2000-07-02,24.98166666666667,29.096666666666668,20.96333333333333
NEW YORK,1,185,2000-07-03,25.728333333333335,30.05,21.413333333333334
NEW YORK,1,186,2000-07-04,25.3,29.553333333333335,21.416666666666668
NEW YORK,1,187,2000-07-05,26.008333333333333,30.273333333333333,21.796666666666667
NEW YORK,1,188,2000-07-06,26.038333333333334,30.48,21.823333333333334
NEW YORK,1,189,2000-07-07,25.73166666666667,29.983333333333334,21.509999999999998
NEW YORK,1,190,2000-07-08,25.918333333333333,30.59,21.36
NEW YORK,1,191,2000-07-09,25.803333333333335,30.15,21.65
NEW YORK,1,192,2000-07-10,25.665000000000003,29.816666666666666,21.506666666666668
NEW YORK,1,193,2000-07-11,25.66,29.763333333333332,21.65666666666667
NEW YORK,1,194,2000-07-12,25.421666666666667,29.41,21.509999999999998
NEW YORK,1,195,2000-07-13,25.476666666666667,29.40666666666667,21.740000000000002
NEW YORK,1,196,2000-07-14,26.236666666666668,30.913333333333334,21.89
NEW YORK,1,197,2000-07-15,26.55666666666667,30.883333333333333,22.296666666666667
NEW YORK,1,198,2000-07-16,26.803333333333335,31.173333333333336,22.263333333333332
NEW YORK,1,199,2000-07-17,26.975,31.35,22.926666666666666
NEW YORK,1,200,2000-07-18,27.176666666666666,31.973333333333336,22.686666666666667
NEW YORK,1,201,2000-07-19,27.003333333333334,30.83,22.796666666666667
NEW YORK,1,202,2000-07-20,26.743333333333332,30.743333333333332,22.453333333333333
NEW YORK,1,203,2000-07-21,26.67666666666667,30.709999999999997,22.703333333333333
NEW YORK,1,204,2000-07-22,26.16166666666667,30.336666666666666,22.17
NEW YORK,1,205,2000-07-23,25.666666666666668,29.496666666666666,21.8
NEW YORK,1,206,2000-07-24,25.271666666666665,29.043333333333333,21.31
NEW YORK,1,207,2000-07-25,25.255,29.523333333333333,21.353333333333335
NEW YORK,1,208,2000-07-26,26.153333333333332,30.256666666666668,22.276666666666664
NEW YORK,1,209,2000-07-27,26.303333333333335,30.333333333333332,22.459999999999997
NEW YORK,1,210,2000-07-28,26.029999999999998,29.720000000000002,22.413333333333334
NEW YORK,1,211,2000-07-29,26.021666666666665,29.766666666666666,22.263333333333332
NEW YORK,1,212,2000-07-30,25.80666666666667,29.87,21.896666666666665
NEW YORK,1,213,2000-07-31,26.366666666666667,30.446666666666665,22.53666666666667
NEW YORK,1,214,2000-08-01,26.741666666666667,30.666666666666668,22.886666666666667
NEW YORK,1,215,2000-08-02,26.631666666666668,30.743333333333332,22.61
NEW YORK,1,216,2000-08-03,26.663333333333334,30.553333333333335,22.723333333333336
NEW YORK,1,217,2000-08-04,26.168333333333333,30.086666666666666,22.19
NEW YORK,1,218,2000-08-05,24.90666666666667,28.69,21.290000000000003
NEW YORK,1,219,2000-08-06,25.165000000000003,29.023333333333333,21.273333333333333
NEW YORK,1,220,2000-08-07,25.216666666666665,29.44333333333333,21.33
NEW YORK,1,221,2000-08-08,25.641666666666666,29.743333333333332,21.846666666666668
NEW YORK,1,222,2000-08-09,25.928333333333335,30.033333333333335,21.98
NEW YORK,1,223,2000-08-10,25.678333333333335,29.523333333333333,21.996666666666666
NEW YORK,1,224,2000-08-11,25.341666666666665,29.166666666666668,21.676666666666666
NEW YORK,1,225,2000-08-12,25.634999999999998,29.346666666666668,22.03666666666667
NEW YORK,1,226,2000-08-13,25.32,29.11,21.616666666666667
NEW YORK,1,227,2000-08-14,24.833333333333332,28.396666666666665,21.386666666666667
NEW YORK,1,228,2000-08-15,25.291666666666668,29.27,21.633333333333333
NEW YORK,1,229,2000-08-16,25.535,29.223333333333333,21.85
NEW YORK,1,230,2000-08-17,25.134999999999998,28.883333333333333,21.496666666666666
NEW YORK,1,231,2000-08-18,24.365000000000002,28.176666666666666,20.796666666666667
NEW YORK,1,232,2000-08-19,24.483333333333334,28.386666666666667,20.740000000000002
NEW YORK,1,233,2000-08-20,24.53166666666667,28.346666666666668,20.85666666666667
NEW YORK,1,234,2000-08-21,24.166666666666668,28.063333333333333,20.35
NEW YORK,1,235,2000-08-22,23.958333333333332,27.603333333333335,20.236666666666668
NEW YORK,1,236,2000-08-23,24.09,28.003333333333334,20.243333333333332
NEW YORK,1,237,2000-08-24,24.459999999999997,28.316666666666666,20.80666666666667
NEW YORK,1,238,2000-08-25,24.761666666666667,28.703333333333333,20.726666666666667
NEW YORK,1,239,2000-08-26,25.006666666666668,28.853333333333335,21.223333333333336
NEW YORK,1,240,2000-08-27,25.040000000000003,28.696666666666665,21.52
NEW YORK,1,241,2000-08-28,24.548333333333336,28.266666666666666,20.91
NEW YORK,1,242,2000-08-29,24.41166666666667,28.406666666666663,20.746666666666666
NEW YORK,1,243,2000-08-30,24.285,28.053333333333335,20.613333333333333
NEW YORK,1,244,2000-08-31,23.703333333333333,27.276666666666664,20.163333333333334
NEW YORK,1,245,2000-09-01,22.970000000000002,26.42,19.666666666666668
NEW YORK,1,246,2000-09-02,23.603333333333335,27.673333333333336,19.796666666666667
NEW YORK,1,247,2000-09-03,24.11,27.779999999999998,20.43
NEW YORK,1,248,2000-09-04,23.701666666666664,27.33,20.03666666666667
NEW YORK,1,249,2000-09-05,22.975,26.923333333333336,18.886666666666667
NEW YORK,1,250,2000-09-06,22.88,26.96333333333333,19.033333333333335
NEW YORK,1,251,2000-09-07,23.34,27.07,19.523333333333333
NEW YORK,1,252,2000-09-08,22.73166666666667,26.383333333333333,19.16
NEW YORK,1,253,2000-09-09,22.625,26.32,19.13
NEW YORK,1,254,2000-09-10,22.041666666666668,26.09,18.483333333333334
NEW YORK,1,255,2000-09-11,21.975,25.446666666666665,17.923333333333336
NEW YORK,1,256,2000-09-12,22.285,25.873333333333335,18.423333333333336
NEW YORK,1,257,2000-09-13,22.025,25.726666666666667,18.59
NEW YORK,1,258,2000-09-14,22.1,26.040000000000003,18.293333333333333
NEW YORK,1,259,2000-09-15,21.32,25.043333333333333,17.45
NEW YORK,1,260,2000-09-16,20.858333333333334,24.493333333333332,17.316666666666666
NEW YORK,1,261,2000-09-17,20.9,24.39,17.41
NEW YORK,1,262,2000-09-18,20.87,24.946666666666665,16.766666666666666
NEW YORK,1,263,2000-09-19,20.118333333333332,23.82,16.413333333333334
NEW YORK,1,264,2000-09-20,20.209999999999997,24.016666666666666,16.516666666666666
NEW YORK,1,265,2000-09-21,20.58833333333333,24.05666666666667,16.7
NEW YORK,1,266,2000-09-22,20.428333333333335,24.186666666666667,16.943333333333335
NEW YORK,1,267,2000-09-23,20.025,23.85666666666667,16.363333333333333
NEW YORK,1,268,2000-09-24,19.666666666666668,23.209999999999997,15.983333333333333
NEW YORK,1,269,2000-09-25,19.413333333333334,23.053333333333335,15.933333333333334
NEW YORK,1,270,2000-09-26,19.836666666666666,23.41,16.39
NEW YORK,1,271,2000-09-27,19.833333333333332,23.240000000000002,16.48
NEW YORK,1,272,2000-09-28,19.141666666666666,22.476666666666667,15.796666666666665
NEW YORK,1,273,2000-09-29,17.321666666666665,20.296666666666667,14.06
NEW YORK,1,274,2000-09-30,17.02,20.68,13.496666666666666
NEW YORK,1,275,2000-10-01,17.886666666666667,22.18,13.536666666666667
NEW YORK,1,276,2000-10-02,17.740000000000002,21.206666666666667,14.29
NEW YORK,1,277,2000-10-03,18.386666666666667,22.373333333333335,14.370000000000001
NEW YORK,1,278,2000-10-04,17.483333333333334,20.996666666666666,13.886666666666667
NEW YORK,1,279,2000-10-05,16.811666666666667,20.783333333333335,13.053333333333335
NEW YORK,1,280,2000-10-06,17.293333333333333,21.39333333333333,13.393333333333334
NEW YORK,1,281,2000-10-07,17.265,21.3,13.356666666666666
NEW YORK,1,282,2000-10-08,17.543333333333333,21.279999999999998,13.83
NEW YORK,1,283,2000-10-09,17.08833333333333,20.65,13.6
NEW YORK,1,284,2000-10-10,16.576666666666668,20.046666666666667,13.206666666666667
NEW YORK,1,285,2000-10-11,15.503333333333334,18.896666666666665,11.896666666666667
NEW YORK,1,286,2000-10-12,15.268333333333334,18.813333333333333,11.776666666666667
NEW YORK,1,287,2000-10-13,15.366666666666667,18.903333333333332,12.046666666666665
NEW YORK,1,288,2000-10-14,15.406666666666666,18.966666666666665,12.033333333333333
NEW YORK,1,289,2000-10-15,15.506666666666666,18.98,11.743333333333334
NEW YORK,1,290,2000-10-16,14.885,18.46333333333333,11.146666666666668
NEW YORK,1,291,2000-10-17,14.696666666666665,18.37,11.053333333333335
NEW YORK,1,292,2000-10-18,14.370000000000001,17.996666666666666,10.72
NEW YORK,1,293,2000-10-19,14.506666666666666,18.07,11.17
NEW YORK,1,294,2000-10-20,14.628333333333334,18.346666666666668,11.0
NEW YORK,1,295,2000-10-21,14.241666666666667,17.846666666666668,10.543333333333333
NEW YORK,1,296,2000-10-22,13.55,16.81,10.086666666666668
NEW YORK,1,297,2000-10-23,13.531666666666666,17.256666666666668,9.976666666666667
NEW YORK,1,298,2000-10-24,14.110000000000001,17.55666666666667,10.396666666666667
NEW YORK,1,299,2000-10-25,13.111666666666668,15.853333333333333,10.113333333333333
NEW YORK,1,300,2000-10-26,13.145000000000001,16.573333333333334,9.903333333333334
NEW YORK,1,301,2000-10-27,12.648333333333333,16.223333333333333,9.276666666666667
NEW YORK,1,302,2000-10-28,11.763333333333332,15.016666666666667,8.24
NEW YORK,1,303,2000-10-29,11.841666666666667,15.3,8.196666666666667
NEW YORK,1,304,2000-10-30,12.42,16.05,8.703333333333335
NEW YORK,1,305,2000-10-31,12.886666666666667,16.206666666666667,9.596666666666666
NEW YORK,1,306,2000-11-01,12.191666666666666,15.51,8.883333333333333
NEW YORK,1,307,2000-11-02,11.673333333333334,15.6,7.653333333333333
NEW YORK,1,308,2000-11-03,10.971666666666666,14.370000000000001,7.653333333333333
NEW YORK,1,309,2000-11-04,11.151666666666667,14.51,7.930000000000001
NEW YORK,1,310,2000-11-05,11.471666666666666,14.836666666666668,8.136666666666667
NEW YORK,1,311,2000-11-06,10.975,13.896666666666667,7.35
NEW YORK,1,312,2000-11-07,10.006666666666666,13.336666666666668,6.52
NEW YORK,1,313,2000-11-08,10.163333333333332,13.843333333333334,6.663333333333333
NEW YORK,1,314,2000-11-09,10.563333333333333,14.183333333333334,6.7266666666666675
NEW YORK,1,315,2000-11-10,9.639999999999999,13.16,6.323333333333333
NEW YORK,1,316,2000-11-11,9.81,13.403333333333334,5.873333333333333
NEW YORK,1,317,2000-11-12,9.275,12.183333333333334,6.026666666666667
NEW YORK,1,318,2000-11-13,9.366666666666667,12.733333333333333,5.966666666666667
NEW YORK,1,319,2000-11-14,9.975,13.296666666666665,6.803333333333333
NEW YORK,1,320,2000-11-15,9.338333333333333,12.45,6.256666666666666
NEW YORK,1,321,2000-11-16,8.003333333333334,11.053333333333335,5.02
NEW YORK,1,322,2000-11-17,8.176666666666668,11.28,4.91
NEW YORK,1,323,2000-11-18,8.536666666666667,11.54,5.28
NEW YORK,1,324,2000-11-19,8.716666666666667,11.966666666666667,5.223333333333333
NEW YORK,1,325,2000-11-20,8.135,11.43,4.760000000000001
NEW YORK,1,326,2000-11-21,8.453333333333333,11.55,4.806666666666667
NEW YORK,1,327,2000-11-22,7.0,9.913333333333332,4.15
NEW YORK,1,328,2000-11-23,7.316666666666666,11.003333333333334,3.6700000000000004
NEW YORK,1,329,2000-11-24,7.166666666666667,10.263333333333332,4.25
NEW YORK,1,330,2000-11-25,8.006666666666666,11.593333333333334,4.613333333333333
NEW YORK,1,331,2000-11-26,8.496666666666666,11.863333333333333,5.093333333333334
NEW YORK,1,332,2000-11-27,8.66,11.663333333333332,5.236666666666666
NEW YORK,1,333,2000-11-28,7.944999999999999,10.883333333333333,5.096666666666667
NEW YORK,1,334,2000-11-29,7.481666666666667,10.573333333333332,4.6466666666666665
NEW YORK,1,335,2000-11-30,7.525,10.913333333333332,4.093333333333333
NEW YORK,1,336,2000-12-01,6.8533333333333335,9.870000000000001,3.5533333333333337
NEW YORK,1,337,2000-12-02,6.819999999999999,9.936666666666667,3.603333333333333
NEW YORK,1,338,2000-12-03,6.385,9.496666666666666,3.17
NEW YORK,1,339,2000-12-04,6.251666666666667,9.133333333333333,3.5933333333333333
NEW YORK,1,340,2000-12-05,6.305000000000001,9.363333333333333,3.0300000000000002
NEW YORK,1,341,2000-12-06,4.6033333333333335,7.276666666666667,1.35
NEW YORK,1,342,2000-12-07,3.4516666666666667,6.09,0.6433333333333333
NEW YORK,1,343,2000-12-08,3.815,6.7733333333333325,0.85
NEW YORK,1,344,2000-12-09,4.71,7.696666666666667,1.3466666666666667
NEW YORK,1,345,2000-12-10,4.5600000000000005,7.63,1.4400000000000002
NEW YORK,1,346,2000-12-11,4.53,7.243333333333334,1.6266666666666665
NEW YORK,1,347,2000-12-12,4.33,7.503333333333333,1.3666666666666667
NEW YORK,1,348,2000-12-13,4.588333333333334,7.48,1.9699999999999998
NEW YORK,1,349,2000-12-14,5.008333333333334,7.913333333333333,1.8900000000000001
NEW YORK,1,350,2000-12-15,4.215,7.113333333333333,1.01
NEW YORK,1,351,2000-12-16,3.736666666666667,6.753333333333333,0.7966666666666666
NEW YORK,1,352,2000-12-17,3.185,6.573333333333334,0.37999999999999995
NEW YORK,1,353,2000-12-18,3.3233333333333333,6.243333333333334,0.42000000000000004
NEW YORK,1,354,2000-12-19,3.39,6.47,0.19666666666666666
NEW YORK,1,355,2000-12-20,3.4050000000000002,6.67,0.4133333333333334
NEW YORK,1,356,2000-12-21,4.265,7.986666666666666,0.9866666666666668
NEW YORK,1,357,2000-12-22,4.658333333333333,7.9433333333333325,1.4333333333333333
NEW YORK,1,358,2000-12-23,4.495,7.3,1.4833333333333334
NEW YORK,1,359,2000-12-24,3.8183333333333334,6.96,0.6133333333333333
NEW YORK,1,360,2000-12-25,3.1333333333333333,6.1899999999999995,-0.23333333333333334
NEW YORK,1,361,2000-12-26,2.665,5.633333333333334,-0.21000000000000005
NEW YORK,1,362,2000-12-27,3.3366666666666664,6.486666666666666,0.009999999999999964
NEW YORK,1,363,2000-12-28,3.246666666666667,6.1033333333333335,0.03333333333333328
NEW YORK,1,364,2000-12-29,2.69,5.5233333333333325,-0.5333333333333333
NEW YORK,1,365,2000-12-30,2.3133333333333335,4.986666666666666,-0.43
NEW YORK,1,366,2000-12-31,2.96875,6.6625,-0.9000000000000001
MIAMI,2,1,2000-01-01,22.395,26.546666666666667,18.39333333333333
MIAMI,2,2,2000-01-02,22.39333333333333,26.15666666666667,18.673333333333332
MIAMI,2,3,2000-01-03,21.1,24.793333333333333,17.216666666666665
MIAMI,2,4,2000-01-04,19.933333333333334,23.743333333333332,16.06
MIAMI,2,5,2000-01-05,19.756666666666668,23.766666666666666,15.576666666666666
MIAMI,2,6,2000-01-06,20.516666666666666,25.040000000000003,16.016666666666666
MIAMI,2,7,2000-01-07,20.353333333333335,24.740000000000002,15.536666666666667
MIAMI,2,8,2000-01-08,19.78166666666667,24.636666666666667,14.97
MIAMI,2,9,2000-01-09,19.851666666666667,24.46333333333333,15.366666666666667
MIAMI,2,10,2000-01-10,20.296666666666667,24.64333333333333,15.966666666666667
MIAMI,2,11,2000-01-11,21.05666666666667,25.176666666666666,16.983333333333334
MIAMI,2,12,2000-01-12,21.404999999999998,25.44,17.513333333333332
MIAMI,2,13,2000-01-13,21.456666666666667,25.126666666666665,17.61
MIAMI,2,14,2000-01-14,20.241666666666667,24.35666666666667,16.146666666666665
MIAMI,2,15,2000-01-15,20.09,24.13,16.03666666666667
MIAMI,2,16,2000-01-16,20.05,24.476666666666667,15.573333333333332
MIAMI,2,17,2000-01-17,20.013333333333332,24.346666666666668,15.593333333333334
MIAMI,2,18,2000-01-18,19.793333333333333,24.19,15.256666666666666
MIAMI,2,19,2000-01-19,20.043333333333333,24.586666666666666,15.563333333333333
MIAMI,2,20,2000-01-20,19.93,24.48,15.1
MIAMI,2,21,2000-01-21,20.001666666666665,24.41,15.476666666666667
MIAMI,2,22,2000-01-22,20.381666666666668,24.486666666666668,16.163333333333334
MIAMI,2,23,2000-01-23,20.741666666666667,25.21333333333333,16.330000000000002
MIAMI,2,24,2000-01-24,20.06,24.573333333333334,15.520000000000001
MIAMI,2,25,2000-01-25,19.328333333333333,24.09,14.479999999999999
MIAMI,2,26,2000-01-26,19.9,24.6,15.213333333333333
MIAMI,2,27,2000-01-27,20.78166666666667,25.0,16.596666666666668
MIAMI,2,28,2000-01-28,20.591666666666665,24.596666666666668,16.46333333333333
MIAMI,2,29,2000-01-29,20.96333333333333,24.976666666666667,16.79
MIAMI,2,30,2000-01-30,21.115000000000002,25.5,16.73
MIAMI,2,31,2000-01-31,20.505,24.720000000000002,16.44
MIAMI,2,32,2000-02-01,20.876666666666665,24.94333333333333,16.703333333333333
MIAMI,2,33,2000-02-02,21.631666666666668,25.646666666666665,17.766666666666666
MIAMI,2,34,2000-02-03,21.59,25.740000000000002,17.476666666666667
MIAMI,2,35,2000-02-04,21.023333333333333,24.970000000000002,17.116666666666667
MIAMI,2,36,2000-02-05,20.55,24.496666666666666,16.473333333333333
MIAMI,2,37,2000-02-06,20.726666666666667,25.14333333333333,16.44
MIAMI,2,38,2000-02-07,21.21333333333333,25.42,16.896666666666665
MIAMI,2,39,2000-02-08,20.466666666666665,24.753333333333334,16.356666666666666
MIAMI,2,40,2000-02-09,20.613333333333333,24.983333333333334,16.45
MIAMI,2,41,2000-02-10,21.633333333333333,25.983333333333334,17.209999999999997
MIAMI,2,42,2000-02-11,20.988333333333333,25.45,16.703333333333333
MIAMI,2,43,2000-02-12,21.259999999999998,25.746666666666666,16.87
MIAMI,2,44,2000-02-13,20.83,25.25,16.12333333333333
MIAMI,2,45,2000-02-14,20.55666666666667,25.240000000000002,15.98
MIAMI,2,46,2000-02-15,21.365000000000002,26.013333333333332,16.87
MIAMI,2,47,2000-02-16,21.061666666666667,25.283333333333335,16.573333333333334
MIAMI,2,48,2000-02-17,20.673333333333336,25.11,16.166666666666668
MIAMI,2,49,2000-02-18,21.063333333333333,25.37,16.723333333333333
MIAMI,2,50,2000-02-19,21.711666666666666,25.94,17.503333333333334
MIAMI,2,51,2000-02-20,22.235,26.233333333333334,18.423333333333336
MIAMI,2,52,2000-02-21,22.658333333333335,26.65666666666667,18.723333333333336
MIAMI,2,53,2000-02-22,22.831666666666667,26.976666666666667,18.94333333333333
MIAMI,2,54,2000-02-23,22.958333333333332,27.353333333333335,18.81
MIAMI,2,55,2000-02-24,23.17,27.503333333333334,19.009999999999998
MIAMI,2,56,2000-02-25,23.05666666666667,27.31,18.816666666666666
MIAMI,2,57,2000-02-26,23.035,27.296666666666667,19.123333333333335
MIAMI,2,58,2000-02-27,21.81833333333333,26.040000000000003,17.459999999999997
MIAMI,2,59,2000-02-28,21.445,25.529999999999998,17.48
MIAMI,2,60,2000-02-29,22.203333333333333,26.529999999999998,17.959999999999997
MIAMI,2,61,2000-03-01,22.33,26.696666666666665,18.06
MIAMI,2,62,2000-03-02,22.279999999999998,26.373333333333335,18.053333333333335
MIAMI,2,63,2000-03-03,21.496666666666666,25.91,17.259999999999998
MIAMI,2,64,2000-03-04,21.591666666666665,26.043333333333333,17.240000000000002
MIAMI,2,65,2000-03-05,22.025,26.486666666666668,17.553333333333335
MIAMI,2,66,2000-03-06,22.291666666666668,26.623333333333335,17.926666666666666
MIAMI,2,67,2000-03-07,22.503333333333334,26.533333333333335,18.406666666666663
MIAMI,2,68,2000-03-08,21.93166666666667,26.216666666666665,17.833333333333332
MIAMI,2,69,2000-03-09,21.908333333333335,26.259999999999998,17.773333333333333
MIAMI,2,70,2000-03-10,22.06833333333333,26.203333333333333,18.203333333333333
MIAMI,2,71,2000-03-11,22.558333333333334,26.48,18.496666666666666
MIAMI,2,72,2000-03-12,22.613333333333333,26.90666666666667,18.326666666666664
MIAMI,2,73,2000-03-13,22.173333333333336,26.35,18.016666666666666
MIAMI,2,74,2000-03-14,22.128333333333334,26.403333333333332,17.89333333333333
MIAMI,2,75,2000-03-15,22.621666666666666,26.883333333333333,18.496666666666666
MIAMI,2,76,2000-03-16,23.186666666666667,27.6,19.043333333333333
MIAMI,2,77,2000-03-17,23.096666666666668,27.416666666666668,19.02
MIAMI,2,78,2000-03-18,23.173333333333336,27.35,19.0
MIAMI,2,79,2000-03-19,23.526666666666664,28.023333333333333,19.25
MIAMI,2,80,2000-03-20,23.695,27.886666666666667,19.433333333333334
MIAMI,2,81,2000-03-21,22.66166666666667,26.84,18.57
MIAMI,2,82,2000-03-22,23.045,27.663333333333334,18.676666666666666
MIAMI,2,83,2000-03-23,23.376666666666665,27.473333333333336,19.303333333333335
MIAMI,2,84,2000-03-24,23.403333333333332,27.633333333333333,19.45
MIAMI,2,85,2000-03-25,23.48,27.603333333333335,19.5
MIAMI,2,86,2000-03-26,23.711666666666666,27.976666666666667,19.52
MIAMI,2,87,2000-03-27,23.83,27.813333333333333,20.023333333333333
MIAMI,2,88,2000-03-28,24.15,28.403333333333332,20.023333333333333
MIAMI,2,89,2000-03-29,23.948333333333334,28.4,19.456666666666667
MIAMI,2,90,2000-03-30,24.395,28.523333333333333,20.446666666666665
MIAMI,2,91,2000-03-31,24.029999999999998,28.853333333333335,20.30666666666667
MIAMI,2,92,2000-04-01,24.175,28.759999999999998,19.740000000000002
MIAMI,2,93,2000-04-02,24.09333333333333,28.07,20.05666666666667
MIAMI,2,94,2000-04-03,24.470000000000002,28.276666666666664,20.636666666666667
MIAMI,2,95,2000-04-04,24.509999999999998,28.7,20.426666666666666
MIAMI,2,96,2000-04-05,24.273333333333333,28.436666666666667,20.12
MIAMI,2,97,2000-04-06,24.116666666666667,28.013333333333332,20.353333333333335
MIAMI,2,98,2000-04-07,24.586666666666666,28.52,20.83
MIAMI,2,99,2000-04-08,24.868333333333332,29.009999999999998,20.90666666666667
MIAMI,2,100,2000-04-09,24.206666666666667,28.253333333333334,20.533333333333335
MIAMI,2,101,2000-04-10,24.493333333333332,28.403333333333332,20.743333333333332
MIAMI,2,102,2000-04-11,24.828333333333333,28.626666666666665,21.096666666666668
MIAMI,2,103,2000-04-12,25.205,28.996666666666666,21.573333333333334
MIAMI,2,104,2000-04-13,25.465,29.383333333333333,21.64333333333333
MIAMI,2,105,2000-04-14,25.165000000000003,28.993333333333332,21.35
MIAMI,2,106,2000-04-15,24.695,28.553333333333335,20.740000000000002
MIAMI,2,107,2000-04-16,24.616666666666667,28.853333333333335,20.52
MIAMI,2,108,2000-04-17,24.236666666666668,28.25,20.316666666666666
MIAMI,2,109,2000-04-18,24.658333333333335,28.683333333333334,20.746666666666666
MIAMI,2,110,2000-04-19,24.716666666666665,28.77,20.793333333333333
MIAMI,2,111,2000-04-20,24.876666666666665,28.883333333333333,20.983333333333334
MIAMI,2,112,2000-04-21,25.07,28.956666666666667,21.259999999999998
MIAMI,2,113,2000-04-22,25.138333333333332,29.256666666666668,21.146666666666665
MIAMI,2,114,2000-04-23,25.313333333333333,29.576666666666664,21.446666666666665
MIAMI,2,115,2000-04-24,25.56833333333333,29.776666666666664,21.563333333333333
MIAMI,2,116,2000-04-25,25.735,29.69333333333333,21.823333333333334
MIAMI,2,117,2000-04-26,26.238333333333333,29.926666666666666,22.44333333333333
MIAMI,2,118,2000-04-27,25.708333333333332,29.483333333333334,22.136666666666667
MIAMI,2,119,2000-04-28,25.328333333333333,28.723333333333336,22.023333333333333
MIAMI,2,120,2000-04-29,25.496666666666666,29.006666666666668,22.09333333333333
MIAMI,2,121,2000-04-30,25.423333333333336,28.98,21.90666666666667
MIAMI,2,122,2000-05-01,25.828333333333333,29.59333333333333,22.033333333333335
MIAMI,2,123,2000-05-02,26.066666666666666,29.816666666666666,22.566666666666666
MIAMI,2,124,2000-05-03,26.331666666666667,30.19,22.470000000000002
MIAMI,2,125,2000-05-04,26.16,29.886666666666667,22.35
MIAMI,2,126,2000-05-05,25.953333333333333,30.0,22.08
MIAMI,2,127,2000-05-06,26.011666666666667,30.03666666666667,22.163333333333334
MIAMI,2,128,2000-05-07,26.215,30.323333333333334,22.296666666666667
MIAMI,2,129,2000-05-08,26.253333333333334,30.32,22.17
MIAMI,2,130,2000-05-09,26.696666666666665,30.543333333333333,22.873333333333335
MIAMI,2,131,2000-05-10,26.993333333333332,30.483333333333334,23.523333333333333
MIAMI,2,132,2000-05-11,26.738333333333333,30.673333333333336,22.846666666666668
MIAMI,2,133,2000-05-12,26.9,31.103333333333335,22.773333333333333
MIAMI,2,134,2000-05-13,26.811666666666667,30.823333333333334,22.91
MIAMI,2,135,2000-05-14,26.743333333333332,30.616666666666667,22.976666666666667
MIAMI,2,136,2000-05-15,26.633333333333333,30.236666666666668,23.046666666666667
MIAMI,2,137,2000-05-16,26.80666666666667,30.82,22.996666666666666
MIAMI,2,138,2000-05-17,26.903333333333332,30.790000000000003,23.18
MIAMI,2,139,2000-05-18,26.796666666666667,30.446666666666665,23.153333333333332
MIAMI,2,140,2000-05-19,26.68,30.37,23.11
MIAMI,2,141,2000-05-20,27.125,30.95,23.416666666666668
MIAMI,2,142,2000-05-21,26.973333333333336,30.87,23.33
MIAMI,2,143,2000-05-22,27.201666666666664,31.166666666666668,23.473333333333336
MIAMI,2,144,2000-05-23,27.27,30.776666666666664,23.796666666666667
MIAMI,2,145,2000-05-24,26.98,30.41,23.509999999999998
MIAMI,2,146,2000-05-25,27.133333333333333,30.75,23.586666666666666
MIAMI,2,147,2000-05-26,27.470000000000002,31.256666666666668,23.886666666666667
MIAMI,2,148,2000-05-27,27.221666666666668,30.87666666666667,23.59333333333333
MIAMI,2,149,2000-05-28,27.271666666666665,30.733333333333334,23.726666666666667
MIAMI,2,150,2000-05-29,27.66,31.220000000000002,24.279999999999998
MIAMI,2,151,2000-05-30,27.720000000000002,31.273333333333333,24.216666666666665
MIAMI,2,152,2000-05-31,27.711666666666666,31.35666666666667,24.18
MIAMI,2,153,2000-06-01,27.765,31.326666666666664,24.126666666666665
MIAMI,2,154,2000-06-02,27.836666666666666,31.523333333333333,24.336666666666666
MIAMI,2,155,2000-06-03,27.641666666666666,31.316666666666666,24.186666666666667
MIAMI,2,156,2000-06-04,27.995,31.833333333333332,24.276666666666664
MIAMI,2,157,2000-06-05,28.12,31.98,24.513333333333332
MIAMI,2,158,2000-06-06,28.011666666666667,32.053333333333335,24.259999999999998
MIAMI,2,159,2000-06-07,27.988333333333333,31.87,24.503333333333334
MIAMI,2,160,2000-06-08,27.748333333333335,31.336666666666666,24.326666666666664
MIAMI,2,161,2000-06-09,27.988333333333333,31.73,24.43
MIAMI,2,162,2000-06-10,28.023333333333333,31.62333333333333,24.7
MIAMI,2,163,2000-06-11,28.086666666666666,31.743333333333332,24.706666666666667
MIAMI,2,164,2000-06-12,28.366666666666667,31.95,25.10666666666667
MIAMI,2,165,2000-06-13,28.243333333333332,32.18666666666667,24.529999999999998
MIAMI,2,166,2000-06-14,28.34333333333333,32.08,24.67
MIAMI,2,167,2000-06-15,28.236666666666668,32.086666666666666,24.46333333333333
MIAMI,2,168,2000-06-16,28.248333333333335,31.94333333333333,24.64333333333333
MIAMI,2,169,2000-06-17,28.021666666666665,31.563333333333333,24.576666666666664
MIAMI,2,170,2000-06-18,27.99833333333333,31.98,24.366666666666667
MIAMI,2,171,2000-06-19,27.995,31.85666666666667,24.316666666666666
MIAMI,2,172,2000-06-20,28.30666666666667,32.00333333333334,24.85666666666667
MIAMI,2,173,2000-06-21,28.44,32.25333333333334,24.513333333333332
MIAMI,2,174,2000-06-22,28.290000000000003,32.13666666666667,24.586666666666666
MIAMI,2,175,2000-06-23,28.281666666666663,32.13,24.66
MIAMI,2,176,2000-06-24,28.470000000000002,32.03,25.09333333333333
MIAMI,2,177,2000-06-25,28.706666666666667,32.02,25.466666666666665
MIAMI,2,178,2000-06-26,28.71333333333333,32.38666666666667,25.096666666666668
MIAMI,2,179,2000-06-27,28.571666666666665,32.13,25.216666666666665
MIAMI,2,180,2000-06-28,28.42,32.20666666666666,24.756666666666668
MIAMI,2,181,2000-06-29,28.431666666666665,32.32,24.89333333333333
MIAMI,2,182,2000-06-30,28.9,32.77333333333333,25.216666666666665
MIAMI,2,183,2000-07-01,28.75,32.63,24.846666666666668
MIAMI,2,184,2000-07-02,28.68166666666667,32.64666666666667,24.796666666666667
MIAMI,2,185,2000-07-03,28.745,32.48,25.05666666666667
MIAMI,2,186,2000-07-04,29.125,32.68666666666666,25.626666666666665
MIAMI,2,187,2000-07-05,28.884999999999998,32.25666666666667,25.263333333333332
MIAMI,2,188,2000-07-06,28.85666666666667,32.39,25.503333333333334
MIAMI,2,189,2000-07-07,29.065,32.74333333333333,25.553333333333335
MIAMI,2,190,2000-07-08,28.973333333333336,32.7,25.41
MIAMI,2,191,2000-07-09,27.505,32.61,25.226666666666667
MIAMI,2,192,2000-07-10,28.953333333333333,32.71666666666667,25.253333333333334
MIAMI,2,193,2000-07-11,28.696666666666665,32.473333333333336,24.756666666666668
MIAMI,2,194,2000-07-12,28.551666666666666,32.57666666666667,24.803333333333335
MIAMI,2,195,2000-07-13,28.59333333333333,32.31333333333333,25.166666666666668
MIAMI,2,196,2000-07-14,28.84333333333333,32.663333333333334,25.083333333333332
MIAMI,2,197,2000-07-15,28.98,32.53666666666666,25.573333333333334
MIAMI,2,198,2000-07-16,29.01833333333333,32.83,25.316666666666666
MIAMI,2,199,2000-07-17,28.915000000000003,32.62333333333333,25.296666666666667
MIAMI,2,200,2000-07-18,28.96833333333333,32.71666666666667,25.4
MIAMI,2,201,2000-07-19,28.915000000000003,32.57333333333334,25.246666666666666
MIAMI,2,202,2000-07-20,28.990000000000002,32.806666666666665,25.176666666666666
MIAMI,2,203,2000-07-21,28.76833333333333,32.50333333333334,25.113333333333333
MIAMI,2,204,2000-07-22,28.735,32.68666666666667,25.016666666666666
MIAMI,2,205,2000-07-23,28.959999999999997,32.70666666666666,25.38
MIAMI,2,206,2000-07-24,27.423333333333336,32.53666666666667,25.616666666666667
MIAMI,2,207,2000-07-25,29.111666666666668,32.64,25.573333333333334
MIAMI,2,208,2000-07-26,29.10666666666667,32.736666666666665,25.46333333333333
MIAMI,2,209,2000-07-27,29.315,33.166666666666664,25.663333333333334
MIAMI,2,210,2000-07-28,29.266666666666666,32.946666666666665,25.646666666666665
MIAMI,2,211,2000-07-29,29.353333333333335,33.00666666666667,25.793333333333333
MIAMI,2,212,2000-07-30,29.27,32.86666666666667,25.61
MIAMI,2,213,2000-07-31,29.091666666666665,32.7,25.709999999999997
MIAMI,2,214,2000-08-01,29.1,33.013333333333335,25.15666666666667
MIAMI,2,215,2000-08-02,28.81,32.43666666666667,25.06
MIAMI,2,216,2000-08-03,28.656666666666663,32.589999999999996,25.06
MIAMI,2,217,2000-08-04,29.203333333333333,32.99666666666666,25.676666666666666
MIAMI,2,218,2000-08-05,28.988333333333333,32.836666666666666,25.10666666666667
MIAMI,2,219,2000-08-06,28.89333333333333,32.67666666666666,25.166666666666668
MIAMI,2,220,2000-08-07,29.05666666666667,32.61666666666667,25.543333333333333
MIAMI,2,221,2000-08-08,28.961666666666666,32.68333333333333,25.353333333333335
MIAMI,2,222,2000-08-09,28.904999999999998,32.71,25.253333333333334
MIAMI,2,223,2000-08-10,28.841666666666665,32.806666666666665,25.15666666666667
MIAMI,2,224,2000-08-11,28.983333333333334,32.83,25.43
MIAMI,2,225,2000-08-12,29.301666666666666,33.12333333333333,25.470000000000002
MIAMI,2,226,2000-08-13,29.06833333333333,33.01,25.13
MIAMI,2,227,2000-08-14,29.09,33.18666666666667,25.18
MIAMI,2,228,2000-08-15,29.413333333333334,33.14,25.783333333333335
MIAMI,2,229,2000-08-16,29.5,32.96333333333333,26.066666666666666
MIAMI,2,230,2000-08-17,29.581666666666667,33.14,25.863333333333333
MIAMI,2,231,2000-08-18,29.31,32.84,25.83
MIAMI,2,232,2000-08-19,29.035,32.68666666666666,25.45
MIAMI,2,233,2000-08-20,29.21333333333333,32.846666666666664,25.636666666666667
MIAMI,2,234,2000-08-21,29.051666666666666,32.78333333333333,25.256666666666668
MIAMI,2,235,2000-08-22,28.741666666666667,32.38666666666667,25.209999999999997
MIAMI,2,236,2000-08-23,28.933333333333334,32.53,25.43
MIAMI,2,237,2000-08-24,28.52,32.126666666666665,24.823333333333334
MIAMI,2,238,2000-08-25,28.426666666666666,32.153333333333336,24.98
MIAMI,2,239,2000-08-26,28.746666666666666,32.43,25.293333333333333
MIAMI,2,240,2000-08-27,28.698333333333334,32.2,25.426666666666666
MIAMI,2,241,2000-08-28,29.073333333333334,32.64333333333333,25.666666666666668
MIAMI,2,242,2000-08-29,28.833333333333332,32.18,25.57
MIAMI,2,243,2000-08-30,28.945,32.63333333333333,25.32
MIAMI,2,244,2000-08-31,28.881666666666668,32.70333333333333,25.10666666666667
MIAMI,2,245,2000-09-01,28.696666666666665,32.339999999999996,25.066666666666666
MIAMI,2,246,2000-09-02,28.915000000000003,32.70666666666666,25.446666666666665
MIAMI,2,247,2000-09-03,28.828333333333333,32.57666666666667,25.326666666666664
MIAMI,2,248,2000-09-04,28.515,31.82,25.37
MIAMI,2,249,2000-09-05,28.493333333333332,32.10333333333333,25.02
MIAMI,2,250,2000-09-06,28.26833333333333,31.89,24.746666666666666
MIAMI,2,251,2000-09-07,28.33833333333333,31.91,24.94333333333333
MIAMI,2,252,2000-09-08,28.358333333333334,31.76,24.96333333333333
MIAMI,2,253,2000-09-09,28.21333333333333,31.816666666666666,24.646666666666665
MIAMI,2,254,2000-09-10,28.615000000000002,32.059999999999995,25.126666666666665
MIAMI,2,255,2000-09-11,28.151666666666664,31.59333333333333,24.923333333333336
MIAMI,2,256,2000-09-12,28.273333333333333,31.726666666666667,24.976666666666667
MIAMI,2,257,2000-09-13,28.241666666666667,31.596666666666668,25.08
MIAMI,2,258,2000-09-14,28.65,32.11,25.30666666666667
MIAMI,2,259,2000-09-15,28.445,31.84,25.08
MIAMI,2,260,2000-09-16,28.416666666666668,31.85666666666667,25.34
MIAMI,2,261,2000-09-17,28.636666666666667,31.990000000000002,25.490000000000002
MIAMI,2,262,2000-09-18,26.88,32.166666666666664,24.763333333333332
MIAMI,2,263,2000-09-19,28.248333333333335,31.946666666666665,24.740000000000002
MIAMI,2,264,2000-09-20,28.273333333333333,31.87,24.633333333333333
MIAMI,2,265,2000-09-21,28.285,31.68,24.94333333333333
MIAMI,2,266,2000-09-22,27.913333333333334,31.343333333333337,24.756666666666668
MIAMI,2,267,2000-09-23,28.16166666666667,31.543333333333333,24.996666666666666
MIAMI,2,268,2000-09-24,27.82,31.1,24.7
MIAMI,2,269,2000-09-25,27.87,31.176666666666666,24.846666666666668
MIAMI,2,270,2000-09-26,28.108333333333334,31.46333333333333,24.813333333333333
MIAMI,2,271,2000-09-27,27.833333333333332,31.226666666666667,24.516666666666666
MIAMI,2,272,2000-09-28,27.438333333333333,30.766666666666666,24.34333333333333
MIAMI,2,273,2000-09-29,27.806666666666665,31.243333333333332,24.576666666666664
MIAMI,2,274,2000-09-30,27.85,31.5,24.290000000000003
MIAMI,2,275,2000-10-01,27.671666666666667,31.083333333333332,24.276666666666664
MIAMI,2,276,2000-10-02,27.740000000000002,31.096666666666668,24.516666666666666
MIAMI,2,277,2000-10-03,27.605,30.810000000000002,24.436666666666667
MIAMI,2,278,2000-10-04,27.67,30.943333333333335,24.546666666666667
MIAMI,2,279,2000-10-05,27.876666666666665,31.026666666666664,24.646666666666665
MIAMI,2,280,2000-10-06,27.501666666666665,30.71333333333333,24.35
MIAMI,2,281,2000-10-07,27.526666666666664,30.936666666666667,24.459999999999997
MIAMI,2,282,2000-10-08,27.67,31.076666666666668,24.386666666666667
MIAMI,2,283,2000-10-09,27.641666666666666,31.15,24.279999999999998
MIAMI,2,284,2000-10-10,27.53666666666667,30.903333333333332,24.30666666666667
MIAMI,2,285,2000-10-11,27.470000000000002,30.85666666666667,24.256666666666668
MIAMI,2,286,2000-10-12,27.386666666666667,30.916666666666668,24.053333333333335
MIAMI,2,287,2000-10-13,27.116666666666667,30.279999999999998,24.053333333333335
MIAMI,2,288,2000-10-14,26.935,30.016666666666666,24.033333333333335
MIAMI,2,289,2000-10-15,26.748333333333335,30.02,23.44
MIAMI,2,290,2000-10-16,26.325,29.91,22.863333333333333
MIAMI,2,291,2000-10-17,26.301666666666666,29.55666666666667,22.983333333333334
MIAMI,2,292,2000-10-18,26.501666666666665,29.93,23.14
MIAMI,2,293,2000-10-19,26.446666666666665,29.896666666666665,23.05666666666667
MIAMI,2,294,2000-10-20,26.465,29.959999999999997,23.12
MIAMI,2,295,2000-10-21,26.311666666666667,29.553333333333335,23.166666666666668
MIAMI,2,296,2000-10-22,26.341666666666665,29.493333333333332,23.253333333333334
MIAMI,2,297,2000-10-23,25.81,29.086666666666666,22.586666666666666
MIAMI,2,298,2000-10-24,25.553333333333335,28.89,22.133333333333333
MIAMI,2,299,2000-10-25,25.66,29.15666666666667,22.28666666666667
MIAMI,2,300,2000-10-26,25.89333333333333,29.293333333333333,22.43
MIAMI,2,301,2000-10-27,25.67,29.163333333333334,22.09
MIAMI,2,302,2000-10-28,25.475,29.113333333333333,21.863333333333333
MIAMI,2,303,2000-10-29,25.40666666666667,28.826666666666664,22.09
MIAMI,2,304,2000-10-30,25.446666666666665,28.87,22.02
MIAMI,2,305,2000-10-31,25.351666666666667,28.793333333333333,21.873333333333335
MIAMI,2,306,2000-11-01,25.258333333333333,28.96333333333333,21.603333333333335
MIAMI,2,307,2000-11-02,24.913333333333334,28.403333333333332,21.55666666666667
MIAMI,2,308,2000-11-03,24.733333333333334,28.256666666666668,21.363333333333333
MIAMI,2,309,2000-11-04,24.62,27.973333333333336,21.43
MIAMI,2,310,2000-11-05,24.773333333333333,28.36,21.259999999999998
MIAMI,2,311,2000-11-06,24.573333333333334,28.293333333333333,20.966666666666665
MIAMI,2,312,2000-11-07,24.526666666666664,28.073333333333334,20.903333333333332
MIAMI,2,313,2000-11-08,23.93,27.459999999999997,20.37
MIAMI,2,314,2000-11-09,24.116666666666667,28.03666666666667,20.41
MIAMI,2,315,2000-11-10,24.363333333333333,28.176666666666666,20.663333333333334
MIAMI,2,316,2000-11-11,24.43,28.096666666666668,20.683333333333334
MIAMI,2,317,2000-11-12,24.3,27.92,20.883333333333333
MIAMI,2,318,2000-11-13,24.198333333333334,27.753333333333334,20.746666666666666
MIAMI,2,319,2000-11-14,24.163333333333334,27.55666666666667,20.740000000000002
MIAMI,2,320,2000-11-15,23.896666666666665,27.18,20.516666666666666
MIAMI,2,321,2000-11-16,23.15,26.826666666666664,19.576666666666664
MIAMI,2,322,2000-11-17,23.386666666666667,27.12,19.60666666666667
MIAMI,2,323,2000-11-18,23.436666666666667,27.236666666666668,19.723333333333336
MIAMI,2,324,2000-11-19,23.30666666666667,27.013333333333332,19.773333333333333
MIAMI,2,325,2000-11-20,23.245,26.956666666666667,19.673333333333336
MIAMI,2,326,2000-11-21,23.128333333333334,26.983333333333334,19.44
MIAMI,2,327,2000-11-22,22.923333333333336,26.959999999999997,18.993333333333332
MIAMI,2,328,2000-11-23,21.678333333333335,26.759999999999998,19.18
MIAMI,2,329,2000-11-24,23.33,26.84,19.90666666666667
MIAMI,2,330,2000-11-25,23.543333333333333,27.40666666666667,19.459999999999997
MIAMI,2,331,2000-11-26,23.253333333333334,27.003333333333334,18.996666666666666
MIAMI,2,332,2000-11-27,22.62,26.509999999999998,18.67
MIAMI,2,333,2000-11-28,22.26833333333333,26.263333333333332,18.490000000000002
MIAMI,2,334,2000-11-29,22.68,26.62,18.93
MIAMI,2,335,2000-11-30,23.001666666666665,26.970000000000002,19.243333333333332
MIAMI,2,336,2000-12-01,22.783333333333335,26.46333333333333,18.91
MIAMI,2,337,2000-12-02,22.86,26.733333333333334,19.126666666666665
MIAMI,2,338,2000-12-03,22.783333333333335,26.736666666666668,18.853333333333335
MIAMI,2,339,2000-12-04,22.56,26.466666666666665,18.720000000000002
MIAMI,2,340,2000-12-05,22.206666666666667,26.203333333333333,18.396666666666665
MIAMI,2,341,2000-12-06,22.425,26.5,18.423333333333336
MIAMI,2,342,2000-12-07,22.596666666666668,26.196666666666665,18.983333333333334
MIAMI,2,343,2000-12-08,23.003333333333334,26.456666666666667,19.31
MIAMI,2,344,2000-12-09,22.628333333333334,25.993333333333332,18.933333333333334
MIAMI,2,345,2000-12-10,22.038333333333334,25.896666666666665,18.316666666666666
MIAMI,2,346,2000-12-11,21.946666666666665,25.853333333333335,18.14
MIAMI,2,347,2000-12-12,22.168333333333333,25.740000000000002,18.65
MIAMI,2,348,2000-12-13,21.7,25.813333333333333,17.8
MIAMI,2,349,2000-12-14,21.751666666666665,25.813333333333333,17.66
MIAMI,2,350,2000-12-15,21.53166666666667,25.540000000000003,17.563333333333333
MIAMI,2,351,2000-12-16,21.576666666666664,25.91,17.276666666666664
MIAMI,2,352,2000-12-17,21.918333333333333,26.040000000000003,17.646666666666665
MIAMI,2,353,2000-12-18,21.596666666666668,25.44333333333333,17.63
MIAMI,2,354,2000-12-19,21.223333333333336,25.446666666666665,17.06
MIAMI,2,355,2000-12-20,20.633333333333333,24.316666666666666,16.89
MIAMI,2,356,2000-12-21,20.876666666666665,24.886666666666667,16.756666666666668
MIAMI,2,357,2000-12-22,21.691666666666666,25.53666666666667,17.90666666666667
MIAMI,2,358,2000-12-23,22.011666666666667,25.883333333333333,18.413333333333334
MIAMI,2,359,2000-12-24,21.573333333333334,25.496666666666666,17.85
MIAMI,2,360,2000-12-25,20.573333333333334,24.60666666666667,16.613333333333333
MIAMI,2,361,2000-12-26,20.425,24.75,16.35
MIAMI,2,362,2000-12-27,20.586666666666666,24.509999999999998,16.82
MIAMI,2,363,2000-12-28,21.66166666666667,25.59,17.733333333333334
MIAMI,2,364,2000-12-29,21.616666666666667,25.486666666666668,17.723333333333336
MIAMI,2,365,2000-12-30,21.598333333333336,25.540000000000003,17.540000000000003
MIAMI,2,366,2000-12-31,20.85625,24.7125,17.3625
HOUSTON,3,1,2000-01-01,11.711666666666668,16.88,6.783333333333333
HOUSTON,3,2,2000-01-02,11.426666666666668,15.620000000000001,6.9766666666666675
HOUSTON,3,3,2000-01-03,11.115,16.333333333333332,5.930000000000001
HOUSTON,3,4,2000-01-04,10.856666666666666,17.186666666666667,4.726666666666666
HOUSTON,3,5,2000-01-05,11.363333333333333,17.15666666666667,5.42
HOUSTON,3,6,2000-01-06,11.326666666666666,16.83,5.913333333333333
HOUSTON,3,7,2000-01-07,10.958333333333334,16.416666666666668,5.566666666666666
HOUSTON,3,8,2000-01-08,11.101666666666667,16.93,5.156666666666667
HOUSTON,3,9,2000-01-09,12.448333333333332,17.993333333333332,6.71
HOUSTON,3,10,2000-01-10,12.45,17.61,7.46
HOUSTON,3,11,2000-01-11,12.288333333333332,17.966666666666665,6.0633333333333335
HOUSTON,3,12,2000-01-12,12.6,17.90666666666667,7.203333333333333
HOUSTON,3,13,2000-01-13,11.428333333333335,17.073333333333334,5.73
HOUSTON,3,14,2000-01-14,10.868333333333334,16.566666666666666,5.25
HOUSTON,3,15,2000-01-15,11.2,16.94,5.54
HOUSTON,3,16,2000-01-16,11.788333333333332,17.413333333333334,6.34
HOUSTON,3,17,2000-01-17,11.671666666666665,17.043333333333333,6.223333333333333
HOUSTON,3,18,2000-01-18,10.968333333333334,16.663333333333334,5.336666666666667
HOUSTON,3,19,2000-01-19,11.433333333333334,17.583333333333332,4.98
HOUSTON,3,20,2000-01-20,12.368333333333334,18.423333333333336,6.783333333333333
HOUSTON,3,21,2000-01-21,13.663333333333332,19.05666666666667,8.113333333333333
HOUSTON,3,22,2000-01-22,13.628333333333334,19.626666666666665,7.296666666666667
HOUSTON,3,23,2000-01-23,12.163333333333332,17.146666666666665,6.65
HOUSTON,3,24,2000-01-24,11.155,17.39333333333333,5.22
HOUSTON,3,25,2000-01-25,12.043333333333333,18.623333333333335,5.676666666666666
HOUSTON,3,26,2000-01-26,13.333333333333334,19.279999999999998,7.376666666666667
HOUSTON,3,27,2000-01-27,13.106666666666666,18.98,7.1033333333333335
HOUSTON,3,28,2000-01-28,12.461666666666668,17.64333333333333,7.35
HOUSTON,3,29,2000-01-29,12.636666666666667,18.03666666666667,7.116666666666666
HOUSTON,3,30,2000-01-30,11.408333333333333,16.943333333333335,5.796666666666667
HOUSTON,3,31,2000-01-31,11.815,17.78666666666667,6.046666666666667
HOUSTON,3,32,2000-02-01,12.733333333333333,18.506666666666668,7.163333333333333
HOUSTON,3,33,2000-02-02,12.698333333333332,17.723333333333336,6.766666666666667
HOUSTON,3,34,2000-02-03,12.315,17.40666666666667,7.333333333333333
HOUSTON,3,35,2000-02-04,12.626666666666667,17.63,7.926666666666667
HOUSTON,3,36,2000-02-05,12.218333333333334,17.373333333333335,6.8133333333333335
HOUSTON,3,37,2000-02-06,12.326666666666666,17.833333333333332,7.203333333333333
HOUSTON,3,38,2000-02-07,13.115,19.09,6.946666666666667
HOUSTON,3,39,2000-02-08,13.501666666666667,19.56,7.683333333333334
HOUSTON,3,40,2000-02-09,13.613333333333333,19.483333333333334,8.013333333333334
HOUSTON,3,41,2000-02-10,13.821666666666665,18.95,8.093333333333334
HOUSTON,3,42,2000-02-11,12.436666666666667,17.476666666666667,7.503333333333333
HOUSTON,3,43,2000-02-12,12.35,17.46333333333333,7.183333333333334
HOUSTON,3,44,2000-02-13,12.556666666666667,18.279999999999998,6.876666666666666
HOUSTON,3,45,2000-02-14,13.933333333333334,20.8,7.513333333333334
HOUSTON,3,46,2000-02-15,15.636666666666667,21.290000000000003,9.856666666666666
HOUSTON,3,47,2000-02-16,14.186666666666667,20.096666666666668,8.056666666666667
HOUSTON,3,48,2000-02-17,14.163333333333332,20.533333333333335,7.83
HOUSTON,3,49,2000-02-18,14.866666666666667,21.59,8.53
HOUSTON,3,50,2000-02-19,15.441666666666666,20.709999999999997,10.24
HOUSTON,3,51,2000-02-20,16.361666666666668,21.586666666666666,11.07
HOUSTON,3,52,2000-02-21,16.935,22.43,11.163333333333332
HOUSTON,3,53,2000-02-22,15.751666666666667,21.459999999999997,10.04
HOUSTON,3,54,2000-02-23,16.308333333333334,22.096666666666668,10.389999999999999
HOUSTON,3,55,2000-02-24,15.963333333333335,21.206666666666667,10.536666666666667
HOUSTON,3,56,2000-02-25,15.020000000000001,20.39,9.51
HOUSTON,3,57,2000-02-26,13.04,18.746666666666666,7.966666666666667
HOUSTON,3,58,2000-02-27,13.983333333333333,20.48,8.913333333333332
HOUSTON,3,59,2000-02-28,14.615,21.14333333333333,8.42
HOUSTON,3,60,2000-02-29,16.078333333333333,21.483333333333334,10.406666666666666
HOUSTON,3,61,2000-03-01,15.421666666666665,20.763333333333332,9.633333333333333
HOUSTON,3,62,2000-03-02,13.936666666666667,20.05,7.756666666666666
HOUSTON,3,63,2000-03-03,15.058333333333334,21.273333333333333,8.696666666666665
HOUSTON,3,64,2000-03-04,15.406666666666666,20.970000000000002,9.729999999999999
HOUSTON,3,65,2000-03-05,16.279999999999998,22.743333333333332,10.103333333333333
HOUSTON,3,66,2000-03-06,16.56,22.776666666666664,10.146666666666668
HOUSTON,3,67,2000-03-07,16.91,22.163333333333334,11.846666666666666
HOUSTON,3,68,2000-03-08,16.816666666666666,22.816666666666666,11.036666666666667
HOUSTON,3,69,2000-03-09,16.741666666666667,22.876666666666665,10.783333333333333
HOUSTON,3,70,2000-03-10,17.14333333333333,22.62,11.68
HOUSTON,3,71,2000-03-11,16.188333333333333,21.21333333333333,10.88
HOUSTON,3,72,2000-03-12,16.148333333333333,22.09,10.263333333333332
HOUSTON,3,73,2000-03-13,15.913333333333334,21.903333333333332,10.016666666666667
HOUSTON,3,74,2000-03-14,16.955,22.096666666666668,11.853333333333333
HOUSTON,3,75,2000-03-15,18.251666666666665,23.326666666666664,13.073333333333332
HOUSTON,3,76,2000-03-16,18.858333333333334,24.473333333333336,13.376666666666667
HOUSTON,3,77,2000-03-17,19.485,25.32,14.09
HOUSTON,3,78,2000-03-18,19.64,25.126666666666665,14.243333333333334
HOUSTON,3,79,2000-03-19,18.19333333333333,23.666666666666668,12.793333333333333
HOUSTON,3,80,2000-03-20,17.296666666666667,23.46333333333333,10.663333333333332
HOUSTON,3,81,2000-03-21,17.495,23.833333333333332,11.133333333333333
HOUSTON,3,82,2000-03-22,18.709999999999997,24.970000000000002,12.479999999999999
HOUSTON,3,83,2000-03-23,19.055,24.66,13.776666666666667
HOUSTON,3,84,2000-03-24,19.361666666666668,25.003333333333334,13.573333333333332
HOUSTON,3,85,2000-03-25,19.084999999999997,24.65,13.43
HOUSTON,3,86,2000-03-26,18.711666666666666,24.46333333333333,13.266666666666667
HOUSTON,3,87,2000-03-27,19.07,24.35,13.610000000000001
HOUSTON,3,88,2000-03-28,19.081666666666667,24.256666666666668,13.676666666666668
HOUSTON,3,89,2000-03-29,19.19,24.740000000000002,13.34
HOUSTON,3,90,2000-03-30,18.991666666666667,24.833333333333332,13.22
HOUSTON,3,91,2000-03-31,19.208333333333332,25.31,13.053333333333335
HOUSTON,3,92,2000-04-01,19.985,25.44,14.553333333333335
HOUSTON,3,93,2000-04-02,19.953333333333333,25.046666666666667,14.736666666666668
HOUSTON,3,94,2000-04-03,19.89,24.703333333333333,14.82
HOUSTON,3,95,2000-04-04,18.991666666666667,24.386666666666667,13.443333333333333
HOUSTON,3,96,2000-04-05,18.755,24.363333333333333,13.413333333333332
HOUSTON,3,97,2000-04-06,19.666666666666668,25.296666666666667,13.979999999999999
HOUSTON,3,98,2000-04-07,19.83833333333333,25.913333333333334,14.01
HOUSTON,3,99,2000-04-08,20.578333333333333,26.666666666666668,14.633333333333333
HOUSTON,3,100,2000-04-09,21.154999999999998,27.209999999999997,14.866666666666667
HOUSTON,3,101,2000-04-10,20.353333333333335,26.23,14.516666666666667
HOUSTON,3,102,2000-04-11,20.601666666666667,26.53666666666667,15.006666666666666
HOUSTON,3,103,2000-04-12,21.148333333333333,26.476666666666667,15.72
HOUSTON,3,104,2000-04-13,20.279999999999998,25.716666666666665,14.21
HOUSTON,3,105,2000-04-14,19.761666666666667,25.733333333333334,14.113333333333333
HOUSTON,3,106,2000-04-15,19.886666666666667,26.03666666666667,13.873333333333333
HOUSTON,3,107,2000-04-16,20.18,25.720000000000002,14.876666666666667
HOUSTON,3,108,2000-04-17,21.201666666666668,26.086666666666666,16.186666666666667
HOUSTON,3,109,2000-04-18,21.386666666666667,26.703333333333333,15.963333333333333
HOUSTON,3,110,2000-04-19,21.59,27.146666666666665,16.013333333333332
HOUSTON,3,111,2000-04-20,21.555,27.576666666666664,15.723333333333333
HOUSTON,3,112,2000-04-21,22.115000000000002,27.866666666666667,16.423333333333332
HOUSTON,3,113,2000-04-22,21.973333333333336,27.790000000000003,16.356666666666666
HOUSTON,3,114,2000-04-23,22.311666666666667,27.596666666666668,16.793333333333333
HOUSTON,3,115,2000-04-24,22.548333333333336,28.043333333333333,17.16
HOUSTON,3,116,2000-04-25,22.388333333333332,27.683333333333334,17.056666666666665
HOUSTON,3,117,2000-04-26,22.348333333333336,27.973333333333336,16.723333333333333
HOUSTON,3,118,2000-04-27,22.721666666666668,28.44,16.8
HOUSTON,3,119,2000-04-28,23.041666666666668,28.59333333333333,17.383333333333333
HOUSTON,3,120,2000-04-29,22.451666666666664,28.16,16.526666666666667
HOUSTON,3,121,2000-04-30,22.845000000000002,28.603333333333335,17.083333333333332
HOUSTON,3,122,2000-05-01,22.953333333333333,28.483333333333334,17.086666666666666
HOUSTON,3,123,2000-05-02,22.891666666666666,28.083333333333332,17.60666666666667
HOUSTON,3,124,2000-05-03,23.17,28.873333333333335,17.386666666666667
HOUSTON,3,125,2000-05-04,23.32,29.223333333333336,17.483333333333334
HOUSTON,3,126,2000-05-05,23.696666666666665,29.453333333333333,18.12
HOUSTON,3,127,2000-05-06,24.470000000000002,29.896666666666665,18.94333333333333
HOUSTON,3,128,2000-05-07,24.57,29.57,19.509999999999998
HOUSTON,3,129,2000-05-08,25.091666666666665,30.33,19.626666666666665
HOUSTON,3,130,2000-05-09,24.72666666666667,29.613333333333333,19.92
HOUSTON,3,131,2000-05-10,24.58,29.423333333333336,19.976666666666667
HOUSTON,3,132,2000-05-11,24.541666666666668,29.456666666666667,19.61
HOUSTON,3,133,2000-05-12,24.540000000000003,30.083333333333332,18.883333333333333
HOUSTON,3,134,2000-05-13,24.584999999999997,30.03666666666667,19.42
HOUSTON,3,135,2000-05-14,24.453333333333333,30.06,19.029999999999998
HOUSTON,3,136,2000-05-15,24.778333333333332,30.243333333333332,19.706666666666667
HOUSTON,3,137,2000-05-16,24.4,29.723333333333336,19.296666666666667
HOUSTON,3,138,2000-05-17,24.34333333333333,29.87,19.253333333333334
HOUSTON,3,139,2000-05-18,24.998333333333335,30.716666666666665,19.64
HOUSTON,3,140,2000-05-19,25.326666666666664,30.83,19.92
HOUSTON,3,141,2000-05-20,25.34333333333333,31.003333333333334,20.05666666666667
HOUSTON,3,142,2000-05-21,25.376666666666665,30.506666666666664,20.459999999999997
HOUSTON,3,143,2000-05-22,25.803333333333335,31.043333333333333,20.85
HOUSTON,3,144,2000-05-23,26.163333333333334,31.38,21.06
HOUSTON,3,145,2000-05-24,26.584999999999997,31.91,21.226666666666667
HOUSTON,3,146,2000-05-25,26.913333333333334,31.99,21.903333333333332
HOUSTON,3,147,2000-05-26,26.733333333333334,31.773333333333333,21.653333333333332
HOUSTON,3,148,2000-05-27,26.64333333333333,31.86,21.709999999999997
HOUSTON,3,149,2000-05-28,26.27,31.723333333333336,21.05666666666667
HOUSTON,3,150,2000-05-29,26.678333333333335,32.10666666666667,21.42
HOUSTON,3,151,2000-05-30,26.621666666666666,32.016666666666666,21.540000000000003
HOUSTON,3,152,2000-05-31,26.625,32.17666666666666,21.3
HOUSTON,3,153,2000-06-01,27.198333333333334,32.82,21.56
HOUSTON,3,154,2000-06-02,27.38,32.94,22.013333333333332
HOUSTON,3,155,2000-06-03,27.293333333333333,32.72,22.023333333333333
HOUSTON,3,156,2000-06-04,27.331666666666667,32.489999999999995,22.433333333333334
HOUSTON,3,157,2000-06-05,27.535,33.089999999999996,22.266666666666666
HOUSTON,3,158,2000-06-06,27.611666666666668,32.906666666666666,22.58
HOUSTON,3,159,2000-06-07,27.67,32.87333333333333,22.573333333333334
HOUSTON,3,160,2000-06-08,27.815,32.690000000000005,23.006666666666668
HOUSTON,3,161,2000-06-09,27.93,32.973333333333336,23.03666666666667
HOUSTON,3,162,2000-06-10,27.918333333333333,33.31333333333333,22.466666666666665
HOUSTON,3,163,2000-06-11,28.276666666666664,33.76,22.833333333333332
HOUSTON,3,164,2000-06-12,28.453333333333333,33.846666666666664,23.073333333333334
HOUSTON,3,165,2000-06-13,28.436666666666667,33.92333333333333,23.063333333333333
HOUSTON,3,166,2000-06-14,28.154999999999998,33.68,22.759999999999998
HOUSTON,3,167,2000-06-15,28.425,33.67333333333333,23.09333333333333
HOUSTON,3,168,2000-06-16,27.815,32.77333333333333,23.226666666666667
HOUSTON,3,169,2000-06-17,28.418333333333333,33.656666666666666,23.276666666666664
HOUSTON,3,170,2000-06-18,28.313333333333333,33.666666666666664,23.076666666666664
HOUSTON,3,171,2000-06-19,28.251666666666665,33.27,23.416666666666668
HOUSTON,3,172,2000-06-20,28.351666666666667,33.70333333333333,23.37
HOUSTON,3,173,2000-06-21,28.171666666666667,33.483333333333334,23.113333333333333
HOUSTON,3,174,2000-06-22,28.371666666666666,33.489999999999995,23.35
HOUSTON,3,175,2000-06-23,28.113333333333333,33.37,22.90666666666667
HOUSTON,3,176,2000-06-24,28.011666666666667,33.016666666666666,23.15
HOUSTON,3,177,2000-06-25,28.245,33.443333333333335,23.516666666666666
HOUSTON,3,178,2000-06-26,28.788333333333334,33.766666666666666,23.926666666666666
HOUSTON,3,179,2000-06-27,28.563333333333333,33.809999999999995,23.836666666666666
HOUSTON,3,180,2000-06-28,28.565,33.97333333333333,23.706666666666667
HOUSTON,3,181,2000-06-29,28.68,33.65,23.896666666666665
HOUSTON,3,182,2000-06-30,28.56,33.49333333333333,23.773333333333333
HOUSTON,3,183,2000-07-01,28.615000000000002,33.80333333333333,23.583333333333332
HOUSTON,3,184,2000-07-02,28.663333333333334,33.75,23.756666666666668
HOUSTON,3,185,2000-07-03,28.60666666666667,33.49666666666666,23.756666666666668
HOUSTON,3,186,2000-07-04,28.74833333333333,34.36,23.540000000000003
HOUSTON,3,187,2000-07-05,29.08833333333333,34.44666666666667,24.0
HOUSTON,3,188,2000-07-06,29.103333333333335,34.32666666666667,24.016666666666666
HOUSTON,3,189,2000-07-07,29.005,34.126666666666665,24.14333333333333
HOUSTON,3,190,2000-07-08,29.078333333333333,34.22,24.246666666666666
HOUSTON,3,191,2000-07-09,29.196666666666665,34.6,23.956666666666667
HOUSTON,3,192,2000-07-10,29.496666666666666,35.1,24.223333333333336
HOUSTON,3,193,2000-07-11,29.633333333333333,35.016666666666666,24.533333333333335
HOUSTON,3,194,2000-07-12,29.555,34.95333333333333,24.279999999999998
HOUSTON,3,195,2000-07-13,29.391666666666666,34.78666666666666,24.05
HOUSTON,3,196,2000-07-14,28.976666666666667,34.04333333333333,23.96333333333333
HOUSTON,3,197,2000-07-15,29.101666666666667,34.42666666666666,24.16
HOUSTON,3,198,2000-07-16,29.19,34.60666666666667,23.933333333333334
HOUSTON,3,199,2000-07-17,29.133333333333333,34.38333333333333,23.936666666666667
HOUSTON,3,200,2000-07-18,28.64,33.96333333333333,23.53666666666667
HOUSTON,3,201,2000-07-19,29.03666666666667,34.483333333333334,24.013333333333332
HOUSTON,3,202,2000-07-20,29.308333333333334,34.669999999999995,24.266666666666666
HOUSTON,3,203,2000-07-21,29.665000000000003,35.34,24.226666666666667
HOUSTON,3,204,2000-07-22,29.043333333333333,34.94666666666667,24.176666666666666
HOUSTON,3,205,2000-07-23,29.186666666666667,34.71,23.723333333333336
HOUSTON,3,206,2000-07-24,29.251666666666665,34.766666666666666,23.793333333333333
HOUSTON,3,207,2000-07-25,29.285,34.59,24.206666666666667
HOUSTON,3,208,2000-07-26,29.258333333333333,34.49333333333333,24.373333333333335
HOUSTON,3,209,2000-07-27,29.384999999999998,35.05333333333333,23.990000000000002
HOUSTON,3,210,2000-07-28,29.30666666666667,34.86,23.973333333333333
HOUSTON,3,211,2000-07-29,29.470000000000002,35.09666666666667,24.123333333333335
HOUSTON,3,212,2000-07-30,29.376666666666665,35.03333333333333,23.94
HOUSTON,3,213,2000-07-31,29.555,35.31333333333334,23.86
HOUSTON,3,214,2000-08-01,29.388333333333332,35.03333333333333,23.803333333333335
HOUSTON,3,215,2000-08-02,29.673333333333336,35.68666666666666,23.896666666666665
HOUSTON,3,216,2000-08-03,29.636666666666667,35.580000000000005,24.06
HOUSTON,3,217,2000-08-04,29.75,35.55,24.216666666666665
HOUSTON,3,218,2000-08-05,29.738333333333333,35.49333333333333,24.303333333333335
HOUSTON,3,219,2000-08-06,29.751666666666665,35.09666666666667,24.543333333333333
HOUSTON,3,220,2000-08-07,29.46333333333333,35.11,24.19333333333333
HOUSTON,3,221,2000-08-08,29.551666666666666,35.35666666666667,24.18
HOUSTON,3,222,2000-08-09,30.04,35.76,24.486666666666668
HOUSTON,3,223,2000-08-10,29.898333333333333,35.843333333333334,24.326666666666664
HOUSTON,3,224,2000-08-11,29.975,35.723333333333336,24.65666666666667
HOUSTON,3,225,2000-08-12,29.728333333333335,35.27333333333333,24.386666666666667
HOUSTON,3,226,2000-08-13,29.511666666666667,35.04666666666667,24.029999999999998
HOUSTON,3,227,2000-08-14,29.154999999999998,34.876666666666665,23.89
HOUSTON,3,228,2000-08-15,29.040000000000003,34.75333333333333,23.926666666666666
HOUSTON,3,229,2000-08-16,29.185,35.13333333333333,23.686666666666667
HOUSTON,3,230,2000-08-17,29.396666666666665,34.96,23.90666666666667
HOUSTON,3,231,2000-08-18,29.095000000000002,34.88333333333333,23.586666666666666
HOUSTON,3,232,2000-08-19,29.176666666666666,34.82333333333334,23.873333333333335
HOUSTON,3,233,2000-08-20,29.03666666666667,35.11333333333334,23.32
HOUSTON,3,234,2000-08-21,28.871666666666666,34.39,23.653333333333332
HOUSTON,3,235,2000-08-22,28.723333333333333,34.059999999999995,23.77
HOUSTON,3,236,2000-08-23,28.985,34.61333333333334,23.73
HOUSTON,3,237,2000-08-24,28.788333333333334,34.22666666666667,23.64
HOUSTON,3,238,2000-08-25,28.84,34.30333333333333,23.64333333333333
HOUSTON,3,239,2000-08-26,28.87,34.336666666666666,23.740000000000002
HOUSTON,3,240,2000-08-27,28.238333333333333,33.943333333333335,23.033333333333335
HOUSTON,3,241,2000-08-28,28.471666666666668,34.02333333333333,23.226666666666667
HOUSTON,3,242,2000-08-29,28.154999999999998,33.81333333333333,23.040000000000003
HOUSTON,3,243,2000-08-30,28.040000000000003,33.48,22.926666666666666
HOUSTON,3,244,2000-08-31,28.334999999999997,33.68666666666667,23.366666666666667
HOUSTON,3,245,2000-09-01,28.556666666666665,34.21333333333334,23.303333333333335
HOUSTON,3,246,2000-09-02,28.573333333333334,33.85666666666667,23.596666666666668
HOUSTON,3,247,2000-09-03,28.17,33.35666666666667,23.27
HOUSTON,3,248,2000-09-04,27.798333333333336,33.68666666666667,22.44
HOUSTON,3,249,2000-09-05,27.761666666666667,33.7,22.19
HOUSTON,3,250,2000-09-06,27.423333333333332,33.49666666666666,21.720000000000002
HOUSTON,3,251,2000-09-07,27.56,33.50333333333334,22.063333333333333
HOUSTON,3,252,2000-09-08,27.08,32.440000000000005,22.123333333333335
HOUSTON,3,253,2000-09-09,27.188333333333333,32.46666666666667,22.209999999999997
HOUSTON,3,254,2000-09-10,27.25,32.77333333333333,22.10666666666667
HOUSTON,3,255,2000-09-11,27.116666666666667,32.64666666666667,21.970000000000002
HOUSTON,3,256,2000-09-12,27.491666666666667,32.92333333333333,22.226666666666667
HOUSTON,3,257,2000-09-13,26.990000000000002,32.163333333333334,22.05
HOUSTON,3,258,2000-09-14,26.861666666666668,32.04333333333333,22.220000000000002
HOUSTON,3,259,2000-09-15,26.961666666666666,32.68666666666667,21.653333333333332
HOUSTON,3,260,2000-09-16,27.045,32.723333333333336,21.853333333333335
HOUSTON,3,261,2000-09-17,26.771666666666665,32.08,21.813333333333333
HOUSTON,3,262,2000-09-18,26.608333333333334,32.14666666666667,21.386666666666667
HOUSTON,3,263,2000-09-19,26.425,32.22,20.89
HOUSTON,3,264,2000-09-20,26.058333333333334,31.8,20.566666666666666
HOUSTON,3,265,2000-09-21,25.773333333333333,31.073333333333334,20.646666666666665
HOUSTON,3,266,2000-09-22,25.651666666666664,31.216666666666665,20.413333333333334
HOUSTON,3,267,2000-09-23,25.41166666666667,30.996666666666666,20.033333333333335
HOUSTON,3,268,2000-09-24,25.265,30.983333333333334,19.95
HOUSTON,3,269,2000-09-25,25.226666666666667,31.339999999999996,19.446666666666665
HOUSTON,3,270,2000-09-26,24.91,30.83,19.290000000000003
HOUSTON,3,271,2000-09-27,24.898333333333333,31.203333333333333,19.023333333333333
HOUSTON,3,272,2000-09-28,24.378333333333334,30.553333333333335,18.183333333333334
HOUSTON,3,273,2000-09-29,24.243333333333332,30.616666666666667,18.11
HOUSTON,3,274,2000-09-30,24.288333333333334,30.703333333333333,18.176666666666666
HOUSTON,3,275,2000-10-01,24.065,30.793333333333333,17.626666666666665
HOUSTON,3,276,2000-10-02,24.293333333333333,30.276666666666664,18.436666666666667
HOUSTON,3,277,2000-10-03,24.395,30.773333333333333,18.276666666666664
HOUSTON,3,278,2000-10-04,24.373333333333335,30.87,18.083333333333332
HOUSTON,3,279,2000-10-05,23.868333333333332,29.816666666666666,18.13
HOUSTON,3,280,2000-10-06,23.529999999999998,29.51,17.703333333333333
HOUSTON,3,281,2000-10-07,23.011666666666667,28.94333333333333,17.35666666666667
HOUSTON,3,282,2000-10-08,22.448333333333334,28.183333333333334,16.893333333333334
HOUSTON,3,283,2000-10-09,22.145,27.596666666666668,16.61
HOUSTON,3,284,2000-10-10,22.478333333333335,28.35,16.443333333333335
HOUSTON,3,285,2000-10-11,23.240000000000002,29.513333333333332,17.61
HOUSTON,3,286,2000-10-12,23.02,28.703333333333333,17.336666666666666
HOUSTON,3,287,2000-10-13,22.5,28.666666666666668,16.49
HOUSTON,3,288,2000-10-14,22.275,28.90666666666667,15.896666666666667
HOUSTON,3,289,2000-10-15,22.066666666666666,28.153333333333332,15.643333333333334
HOUSTON,3,290,2000-10-16,21.515,27.493333333333332,15.533333333333333
HOUSTON,3,291,2000-10-17,21.446666666666665,27.459999999999997,15.85
HOUSTON,3,292,2000-10-18,21.266666666666666,27.34,15.31
HOUSTON,3,293,2000-10-19,21.220000000000002,27.41,15.09
HOUSTON,3,294,2000-10-20,21.540000000000003,27.773333333333333,15.233333333333333
HOUSTON,3,295,2000-10-21,21.428333333333335,26.886666666666667,15.653333333333334
HOUSTON,3,296,2000-10-22,20.790000000000003,27.040000000000003,14.883333333333333
HOUSTON,3,297,2000-10-23,20.723333333333336,26.873333333333335,14.623333333333333
HOUSTON,3,298,2000-10-24,20.111666666666668,26.05666666666667,14.110000000000001
HOUSTON,3,299,2000-10-25,20.1,26.35666666666667,14.376666666666667
HOUSTON,3,300,2000-10-26,20.245,26.246666666666666,14.166666666666666
HOUSTON,3,301,2000-10-27,19.336666666666666,25.28666666666667,13.6
HOUSTON,3,302,2000-10-28,18.978333333333335,25.55666666666667,12.376666666666667
HOUSTON,3,303,2000-10-29,19.203333333333333,25.416666666666668,13.026666666666667
HOUSTON,3,304,2000-10-30,19.40666666666667,25.613333333333333,13.016666666666667
HOUSTON,3,305,2000-10-31,18.80666666666667,24.78666666666667,12.826666666666666
HOUSTON,3,306,2000-11-01,18.35666666666667,24.813333333333333,12.196666666666665
HOUSTON,3,307,2000-11-02,17.645,23.513333333333332,12.110000000000001
HOUSTON,3,308,2000-11-03,18.195,24.279999999999998,12.46
HOUSTON,3,309,2000-11-04,18.46333333333333,24.30666666666667,13.076666666666666
HOUSTON,3,310,2000-11-05,18.851666666666667,24.35666666666667,13.126666666666667
HOUSTON,3,311,2000-11-06,17.995,23.61,11.683333333333334
HOUSTON,3,312,2000-11-07,17.19,22.923333333333336,11.43
HOUSTON,3,313,2000-11-08,17.27,23.316666666666666,11.553333333333333
HOUSTON,3,314,2000-11-09,17.6,23.683333333333334,11.893333333333334
HOUSTON,3,315,2000-11-10,17.761666666666667,23.68,11.46
HOUSTON,3,316,2000-11-11,17.485,22.990000000000002,11.793333333333333
HOUSTON,3,317,2000-11-12,16.39,21.793333333333333,10.87
HOUSTON,3,318,2000-11-13,15.908333333333333,20.993333333333332,11.08
HOUSTON,3,319,2000-11-14,16.4,22.470000000000002,11.226666666666667
HOUSTON,3,320,2000-11-15,15.803333333333335,21.486666666666668,9.903333333333334
HOUSTON,3,321,2000-11-16,15.513333333333334,21.496666666666666,9.59
HOUSTON,3,322,2000-11-17,16.25,22.433333333333334,9.923333333333334
HOUSTON,3,323,2000-11-18,16.375,21.983333333333334,10.610000000000001
HOUSTON,3,324,2000-11-19,15.771666666666667,22.113333333333333,9.71
HOUSTON,3,325,2000-11-20,16.275,22.39333333333333,10.270000000000001
HOUSTON,3,326,2000-11-21,16.17,22.296666666666667,9.55
HOUSTON,3,327,2000-11-22,15.426666666666668,21.95,9.433333333333334
HOUSTON,3,328,2000-11-23,15.481666666666666,20.946666666666665,9.443333333333333
HOUSTON,3,329,2000-11-24,14.498333333333333,21.176666666666666,8.02
HOUSTON,3,330,2000-11-25,14.598333333333333,19.863333333333333,9.22
HOUSTON,3,331,2000-11-26,14.656666666666666,20.69333333333333,8.656666666666666
HOUSTON,3,332,2000-11-27,13.813333333333333,20.19333333333333,7.85
HOUSTON,3,333,2000-11-28,15.601666666666667,21.2,9.833333333333334
HOUSTON,3,334,2000-11-29,15.206666666666667,21.740000000000002,8.78
HOUSTON,3,335,2000-11-30,14.206666666666667,19.826666666666668,7.386666666666667
HOUSTON,3,336,2000-12-01,14.003333333333334,19.753333333333334,8.456666666666667
HOUSTON,3,337,2000-12-02,15.541666666666666,21.133333333333333,10.143333333333334
HOUSTON,3,338,2000-12-03,14.504999999999999,20.40666666666667,8.92
HOUSTON,3,339,2000-12-04,13.275,18.793333333333333,7.6866666666666665
HOUSTON,3,340,2000-12-05,12.215,17.353333333333335,6.983333333333333
HOUSTON,3,341,2000-12-06,13.326666666666666,18.34,8.186666666666666
HOUSTON,3,342,2000-12-07,13.354999999999999,18.740000000000002,8.076666666666666
HOUSTON,3,343,2000-12-08,12.780000000000001,18.596666666666668,7.260000000000001
HOUSTON,3,344,2000-12-09,12.258333333333333,18.6,6.2266666666666675
HOUSTON,3,345,2000-12-10,12.461666666666668,18.279999999999998,7.123333333333333
HOUSTON,3,346,2000-12-11,13.848333333333333,19.13,8.606666666666666
HOUSTON,3,347,2000-12-12,13.125,18.490000000000002,7.22
HOUSTON,3,348,2000-12-13,13.481666666666666,19.490000000000002,7.38
HOUSTON,3,349,2000-12-14,14.106666666666666,19.759999999999998,8.41
HOUSTON,3,350,2000-12-15,13.033333333333333,18.7,6.7266666666666675
HOUSTON,3,351,2000-12-16,11.503333333333334,16.673333333333332,6.653333333333333
HOUSTON,3,352,2000-12-17,12.473333333333333,18.373333333333335,6.483333333333333
HOUSTON,3,353,2000-12-18,12.53,18.19333333333333,6.62
HOUSTON,3,354,2000-12-19,13.668333333333333,18.576666666666664,8.67
HOUSTON,3,355,2000-12-20,13.063333333333334,19.283333333333335,6.733333333333333
HOUSTON,3,356,2000-12-21,13.211666666666668,19.066666666666666,6.9766666666666675
HOUSTON,3,357,2000-12-22,12.101666666666667,17.363333333333333,6.33
HOUSTON,3,358,2000-12-23,11.391666666666667,17.19,5.923333333333333
HOUSTON,3,359,2000-12-24,10.45,15.54,5.506666666666666
HOUSTON,3,360,2000-12-25,11.308333333333334,16.856666666666666,5.8966666666666665
HOUSTON,3,361,2000-12-26,12.68,18.346666666666668,6.28
HOUSTON,3,362,2000-12-27,11.761666666666667,16.99,6.606666666666667
HOUSTON,3,363,2000-12-28,12.061666666666667,17.293333333333333,6.85
HOUSTON,3,364,2000-12-29,12.67,17.65,7.216666666666667
HOUSTON,3,365,2000-12-30,12.501666666666667,17.513333333333332,7.243333333333334
HOUSTON,3,366,2000-12-31,14.68125,20.0,8.674999999999999
ATLANTA,4,1,2000-01-01,7.83,12.316666666666666,3.2533333333333334
ATLANTA,4,2,2000-01-02,7.341666666666667,11.26,3.2800000000000002
ATLANTA,4,3,2000-01-03,6.711666666666667,11.133333333333333,2.7
ATLANTA,4,4,2000-01-04,7.595,12.24,2.0633333333333335
ATLANTA,4,5,2000-01-05,6.8133333333333335,12.146666666666667,1.9466666666666665
ATLANTA,4,6,2000-01-06,7.003333333333333,12.163333333333332,2.06
ATLANTA,4,7,2000-01-07,6.9783333333333335,11.843333333333334,1.7899999999999998
ATLANTA,4,8,2000-01-08,5.891666666666667,11.0,1.1266666666666665
ATLANTA,4,9,2000-01-09,6.9350000000000005,12.106666666666666,2.06
ATLANTA,4,10,2000-01-10,7.198333333333333,11.83,2.7
ATLANTA,4,11,2000-01-11,7.558333333333334,12.433333333333334,2.9
ATLANTA,4,12,2000-01-12,8.468333333333334,12.860000000000001,2.966666666666667
ATLANTA,4,13,2000-01-13,8.311666666666666,13.313333333333333,3.3466666666666662
ATLANTA,4,14,2000-01-14,7.576666666666667,13.01,2.1733333333333333
ATLANTA,4,15,2000-01-15,6.961666666666667,11.870000000000001,1.8800000000000001
ATLANTA,4,16,2000-01-16,6.381666666666666,11.5,1.2533333333333334
ATLANTA,4,17,2000-01-17,5.916666666666667,10.576666666666666,1.2133333333333334
ATLANTA,4,18,2000-01-18,6.088333333333334,10.883333333333333,1.5166666666666666
ATLANTA,4,19,2000-01-19,6.0600000000000005,11.773333333333333,0.5666666666666667
ATLANTA,4,20,2000-01-20,5.72,11.476666666666667,0.3333333333333332
ATLANTA,4,21,2000-01-21,6.838333333333334,12.116666666666667,1.3166666666666667
ATLANTA,4,22,2000-01-22,6.258333333333334,11.31,1.07
ATLANTA,4,23,2000-01-23,6.638333333333334,11.33,1.8733333333333335
ATLANTA,4,24,2000-01-24,6.6866666666666665,11.996666666666668,1.5833333333333333
ATLANTA,4,25,2000-01-25,5.758333333333334,11.866666666666667,0.10000000000000003
ATLANTA,4,26,2000-01-26,6.9783333333333335,12.243333333333334,1.5799999999999998
ATLANTA,4,27,2000-01-27,7.216666666666667,12.426666666666668,1.7066666666666668
ATLANTA,4,28,2000-01-28,6.738333333333333,13.729999999999999,2.246666666666667
ATLANTA,4,29,2000-01-29,7.8933333333333335,12.723333333333333,2.7733333333333334
ATLANTA,4,30,2000-01-30,7.4399999999999995,12.653333333333334,2.3766666666666665
ATLANTA,4,31,2000-01-31,6.5633333333333335,12.706666666666667,1.0666666666666667
ATLANTA,4,32,2000-02-01,7.345,12.626666666666667,2.36
ATLANTA,4,33,2000-02-02,7.913333333333333,13.703333333333335,2.2066666666666666
ATLANTA,4,34,2000-02-03,8.131666666666666,13.773333333333333,2.3066666666666666
ATLANTA,4,35,2000-02-04,7.463333333333334,12.463333333333333,2.3400000000000003
ATLANTA,4,36,2000-02-05,7.1016666666666675,11.853333333333333,2.283333333333333
ATLANTA,4,37,2000-02-06,7.926666666666667,13.656666666666666,2.533333333333333
ATLANTA,4,38,2000-02-07,8.708333333333334,14.01,3.3400000000000003
ATLANTA,4,39,2000-02-08,8.258333333333333,13.683333333333334,2.9433333333333334
ATLANTA,4,40,2000-02-09,8.386666666666667,14.19,2.5700000000000003
ATLANTA,4,41,2000-02-10,7.795,12.986666666666668,2.7633333333333336
ATLANTA,4,42,2000-02-11,8.266666666666667,13.59,3.283333333333333
ATLANTA,4,43,2000-02-12,8.556666666666667,13.503333333333334,3.3666666666666667
ATLANTA,4,44,2000-02-13,7.453333333333333,12.183333333333334,2.0266666666666664
ATLANTA,4,45,2000-02-14,8.056666666666667,14.19,2.3233333333333333
ATLANTA,4,46,2000-02-15,8.853333333333333,14.233333333333333,3.39
ATLANTA,4,47,2000-02-16,9.086666666666668,14.663333333333332,3.4366666666666665
ATLANTA,4,48,2000-02-17,8.496666666666666,13.520000000000001,3.4733333333333336
ATLANTA,4,49,2000-02-18,8.506666666666666,13.746666666666666,3.393333333333333
ATLANTA,4,50,2000-02-19,9.523333333333333,15.26,3.9233333333333333
ATLANTA,4,51,2000-02-20,10.586666666666668,15.746666666666666,5.73
ATLANTA,4,52,2000-02-21,12.193333333333333,17.583333333333332,7.086666666666667
ATLANTA,4,53,2000-02-22,11.871666666666666,16.96333333333333,6.989999999999999
ATLANTA,4,54,2000-02-23,11.128333333333334,16.0,6.1866666666666665
ATLANTA,4,55,2000-02-24,10.888333333333332,16.28666666666667,5.296666666666667
ATLANTA,4,56,2000-02-25,10.781666666666666,16.116666666666667,5.29
ATLANTA,4,57,2000-02-26,9.523333333333333,14.933333333333334,3.89
ATLANTA,4,58,2000-02-27,9.32,14.316666666666666,4.653333333333333
ATLANTA,4,59,2000-02-28,10.6,16.163333333333334,5.3533333333333335
ATLANTA,4,60,2000-02-29,11.04,16.31,5.973333333333333
ATLANTA,4,61,2000-03-01,11.351666666666667,16.45,6.260000000000001
ATLANTA,4,62,2000-03-02,10.49,15.3,4.913333333333333
ATLANTA,4,63,2000-03-03,9.610000000000001,15.54,3.886666666666667
ATLANTA,4,64,2000-03-04,10.791666666666666,16.466666666666665,5.023333333333334
ATLANTA,4,65,2000-03-05,10.931666666666667,16.403333333333332,5.543333333333334
ATLANTA,4,66,2000-03-06,11.671666666666665,18.02,5.516666666666667
ATLANTA,4,67,2000-03-07,12.49,19.15,6.026666666666667
ATLANTA,4,68,2000-03-08,12.183333333333334,18.203333333333333,6.376666666666667
ATLANTA,4,69,2000-03-09,12.319999999999999,18.18,6.503333333333333
ATLANTA,4,70,2000-03-10,12.431666666666667,18.259999999999998,6.466666666666667
ATLANTA,4,71,2000-03-11,12.161666666666667,17.990000000000002,6.09
ATLANTA,4,72,2000-03-12,12.116666666666667,17.35,7.003333333333333
ATLANTA,4,73,2000-03-13,12.013333333333334,17.486666666666668,6.67
ATLANTA,4,74,2000-03-14,12.753333333333332,18.65666666666667,6.963333333333334
ATLANTA,4,75,2000-03-15,13.573333333333332,19.13,8.12
ATLANTA,4,76,2000-03-16,13.231666666666666,18.540000000000003,8.036666666666667
ATLANTA,4,77,2000-03-17,14.031666666666666,19.65,8.48
ATLANTA,4,78,2000-03-18,14.133333333333333,19.516666666666666,8.74
ATLANTA,4,79,2000-03-19,14.379999999999999,20.346666666666668,8.743333333333334
ATLANTA,4,80,2000-03-20,13.666666666666666,18.92,8.276666666666667
ATLANTA,4,81,2000-03-21,12.971666666666666,18.81,6.9766666666666675
ATLANTA,4,82,2000-03-22,13.888333333333332,19.973333333333336,7.863333333333333
ATLANTA,4,83,2000-03-23,13.936666666666667,20.076666666666664,8.073333333333332
ATLANTA,4,84,2000-03-24,14.375,20.373333333333335,8.463333333333333
ATLANTA,4,85,2000-03-25,13.82,18.956666666666667,8.796666666666665
ATLANTA,4,86,2000-03-26,14.395000000000001,20.009999999999998,8.979999999999999
ATLANTA,4,87,2000-03-27,14.645000000000001,19.853333333333335,9.593333333333334
ATLANTA,4,88,2000-03-28,15.236666666666668,21.313333333333333,9.15
ATLANTA,4,89,2000-03-29,15.370000000000001,21.11,9.676666666666668
ATLANTA,4,90,2000-03-30,14.806666666666667,20.02,9.513333333333334
ATLANTA,4,91,2000-03-31,15.004999999999999,20.626666666666665,9.463333333333333
ATLANTA,4,92,2000-04-01,15.668333333333333,21.98,9.46
ATLANTA,4,93,2000-04-02,16.216666666666665,22.353333333333335,9.986666666666668
ATLANTA,4,94,2000-04-03,16.073333333333334,22.013333333333332,9.826666666666666
ATLANTA,4,95,2000-04-04,15.466666666666667,21.336666666666666,9.696666666666665
ATLANTA,4,96,2000-04-05,15.351666666666667,21.073333333333334,9.596666666666666
ATLANTA,4,97,2000-04-06,15.406666666666666,21.123333333333335,9.726666666666667
ATLANTA,4,98,2000-04-07,16.035,21.66,10.506666666666666
ATLANTA,4,99,2000-04-08,16.888333333333335,22.273333333333333,11.520000000000001
ATLANTA,4,100,2000-04-09,16.995,22.96333333333333,11.06
ATLANTA,4,101,2000-04-10,17.323333333333334,23.316666666666666,11.016666666666667
ATLANTA,4,102,2000-04-11,17.726666666666667,23.14,12.213333333333335
ATLANTA,4,103,2000-04-12,17.476666666666667,23.44333333333333,11.713333333333333
ATLANTA,4,104,2000-04-13,17.533333333333335,22.793333333333333,11.683333333333334
ATLANTA,4,105,2000-04-14,16.925,22.566666666666666,10.786666666666667
ATLANTA,4,106,2000-04-15,16.268333333333334,22.220000000000002,10.43
ATLANTA,4,107,2000-04-16,16.913333333333334,23.373333333333335,10.696666666666665
ATLANTA,4,108,2000-04-17,17.83,24.186666666666667,11.59
ATLANTA,4,109,2000-04-18,18.196666666666665,23.723333333333336,11.91
ATLANTA,4,110,2000-04-19,17.801666666666666,23.28666666666667,12.33
ATLANTA,4,111,2000-04-20,18.39,24.323333333333334,12.666666666666666
ATLANTA,4,112,2000-04-21,17.96833333333333,23.546666666666667,12.423333333333334
ATLANTA,4,113,2000-04-22,17.703333333333333,23.506666666666668,11.663333333333334
ATLANTA,4,114,2000-04-23,17.678333333333335,23.66,11.83
ATLANTA,4,115,2000-04-24,18.388333333333332,24.103333333333335,12.633333333333333
ATLANTA,4,116,2000-04-25,18.091666666666665,23.09333333333333,13.06
ATLANTA,4,117,2000-04-26,18.26833333333333,23.613333333333333,12.836666666666668
ATLANTA,4,118,2000-04-27,18.058333333333334,24.02,12.283333333333333
ATLANTA,4,119,2000-04-28,18.455,24.17,12.873333333333333
ATLANTA,4,120,2000-04-29,18.901666666666664,24.273333333333333,13.483333333333333
ATLANTA,4,121,2000-04-30,19.404999999999998,24.709999999999997,13.78
ATLANTA,4,122,2000-05-01,19.601666666666667,25.91,13.516666666666667
ATLANTA,4,123,2000-05-02,19.755,25.376666666666665,13.996666666666666
ATLANTA,4,124,2000-05-03,19.42,24.46333333333333,13.993333333333334
ATLANTA,4,125,2000-05-04,19.43,24.59,13.996666666666666
ATLANTA,4,126,2000-05-05,19.836666666666666,25.69333333333333,13.96
ATLANTA,4,127,2000-05-06,20.485,26.276666666666664,14.42
ATLANTA,4,128,2000-05-07,20.523333333333333,26.316666666666666,14.813333333333333
ATLANTA,4,129,2000-05-08,21.44333333333333,26.756666666666668,16.043333333333333
ATLANTA,4,130,2000-05-09,21.52,26.863333333333333,16.293333333333333
ATLANTA,4,131,2000-05-10,21.776666666666664,27.38,16.276666666666667
ATLANTA,4,132,2000-05-11,21.648333333333333,27.153333333333332,16.14
ATLANTA,4,133,2000-05-12,21.095000000000002,26.476666666666667,15.606666666666666
ATLANTA,4,134,2000-05-13,21.038333333333334,26.396666666666665,15.63
ATLANTA,4,135,2000-05-14,21.105,26.44333333333333,15.55
ATLANTA,4,136,2000-05-15,21.03666666666667,26.256666666666668,15.863333333333335
ATLANTA,4,137,2000-05-16,21.571666666666665,27.256666666666668,16.02
ATLANTA,4,138,2000-05-17,21.38,26.7,16.063333333333333
ATLANTA,4,139,2000-05-18,21.205,26.53666666666667,16.21333333333333
ATLANTA,4,140,2000-05-19,21.858333333333334,27.333333333333332,16.506666666666668
ATLANTA,4,141,2000-05-20,21.773333333333333,26.666666666666668,16.663333333333334
ATLANTA,4,142,2000-05-21,21.81833333333333,27.52,16.466666666666665
ATLANTA,4,143,2000-05-22,22.765,28.37,17.336666666666666
ATLANTA,4,144,2000-05-23,23.21833333333333,28.863333333333333,17.42
ATLANTA,4,145,2000-05-24,23.516666666666666,28.9,18.176666666666666
ATLANTA,4,146,2000-05-25,23.726666666666667,29.176666666666666,18.43
ATLANTA,4,147,2000-05-26,23.77333333333333,28.68,18.886666666666667
ATLANTA,4,148,2000-05-27,23.816666666666666,28.956666666666663,18.773333333333333
ATLANTA,4,149,2000-05-28,23.576666666666664,28.41,18.94
ATLANTA,4,150,2000-05-29,23.246666666666666,28.02,18.59
ATLANTA,4,151,2000-05-30,24.146666666666665,29.433333333333334,19.13
ATLANTA,4,152,2000-05-31,23.773333333333333,28.86,18.873333333333335
ATLANTA,4,153,2000-06-01,23.726666666666667,29.023333333333333,18.65
ATLANTA,4,154,2000-06-02,24.358333333333334,29.783333333333335,19.19
ATLANTA,4,155,2000-06-03,24.633333333333333,29.736666666666668,19.52
ATLANTA,4,156,2000-06-04,24.23166666666667,28.83,19.553333333333335
ATLANTA,4,157,2000-06-05,23.64,28.503333333333334,18.896666666666665
ATLANTA,4,158,2000-06-06,24.125,29.3,19.17
ATLANTA,4,159,2000-06-07,24.641666666666666,29.766666666666666,19.666666666666668
ATLANTA,4,160,2000-06-08,24.866666666666667,30.05,19.8
ATLANTA,4,161,2000-06-09,25.283333333333335,30.8,20.043333333333333
ATLANTA,4,162,2000-06-10,25.25,30.19333333333333,20.69333333333333
ATLANTA,4,163,2000-06-11,25.276666666666664,30.196666666666665,20.453333333333333
ATLANTA,4,164,2000-06-12,25.255,30.41,20.256666666666668
ATLANTA,4,165,2000-06-13,23.654999999999998,30.28666666666667,20.276666666666664
ATLANTA,4,166,2000-06-14,25.658333333333335,30.796666666666667,20.38
ATLANTA,4,167,2000-06-15,25.276666666666664,30.653333333333332,20.203333333333333
ATLANTA,4,168,2000-06-16,25.581666666666667,30.926666666666666,20.336666666666666
ATLANTA,4,169,2000-06-17,25.438333333333333,30.7,20.58
ATLANTA,4,170,2000-06-18,25.325,30.466666666666665,20.553333333333335
ATLANTA,4,171,2000-06-19,25.8,31.15,20.533333333333335
ATLANTA,4,172,2000-06-20,25.623333333333335,30.88,20.4
ATLANTA,4,173,2000-06-21,25.875,31.27,20.63
ATLANTA,4,174,2000-06-22,26.14333333333333,31.476666666666667,21.113333333333333
ATLANTA,4,175,2000-06-23,26.09,31.296666666666667,21.13
ATLANTA,4,176,2000-06-24,25.87,30.853333333333335,21.073333333333334
ATLANTA,4,177,2000-06-25,25.89,30.946666666666665,21.026666666666664
ATLANTA,4,178,2000-06-26,26.166666666666668,31.073333333333334,21.236666666666668
ATLANTA,4,179,2000-06-27,26.01833333333333,30.96333333333333,21.336666666666666
ATLANTA,4,180,2000-06-28,25.978333333333335,31.126666666666665,21.226666666666667
ATLANTA,4,181,2000-06-29,26.40666666666667,31.826666666666664,21.336666666666666
ATLANTA,4,182,2000-06-30,26.64333333333333,31.763333333333332,21.60666666666667
ATLANTA,4,183,2000-07-01,26.623333333333335,31.956666666666667,21.69333333333333
ATLANTA,4,184,2000-07-02,26.705,31.523333333333333,21.616666666666667
ATLANTA,4,185,2000-07-03,26.608333333333334,31.903333333333332,21.446666666666665
ATLANTA,4,186,2000-07-04,26.33833333333333,31.516666666666666,21.506666666666668
ATLANTA,4,187,2000-07-05,26.483333333333334,31.623333333333335,21.59333333333333
ATLANTA,4,188,2000-07-06,26.285,31.043333333333333,21.80666666666667
ATLANTA,4,189,2000-07-07,26.68,31.98,21.813333333333333
ATLANTA,4,190,2000-07-08,27.279999999999998,32.45333333333333,22.220000000000002
ATLANTA,4,191,2000-07-09,27.238333333333333,32.303333333333335,22.220000000000002
ATLANTA,4,192,2000-07-10,27.078333333333333,32.14,22.19333333333333
ATLANTA,4,193,2000-07-11,26.976666666666667,32.03666666666667,22.133333333333333
ATLANTA,4,194,2000-07-12,26.69,31.543333333333333,22.006666666666668
ATLANTA,4,195,2000-07-13,26.928333333333335,31.936666666666667,22.136666666666667
ATLANTA,4,196,2000-07-14,27.021666666666665,31.886666666666667,22.35666666666667
ATLANTA,4,197,2000-07-15,26.675,31.366666666666667,22.05666666666667
ATLANTA,4,198,2000-07-16,26.861666666666668,32.00333333333334,21.923333333333336
ATLANTA,4,199,2000-07-17,27.001666666666665,32.336666666666666,21.953333333333333
ATLANTA,4,200,2000-07-18,27.326666666666664,32.75666666666667,22.236666666666668
ATLANTA,4,201,2000-07-19,27.278333333333332,32.593333333333334,22.206666666666667
ATLANTA,4,202,2000-07-20,27.576666666666664,32.99333333333333,22.533333333333335
ATLANTA,4,203,2000-07-21,27.178333333333335,32.483333333333334,22.17
ATLANTA,4,204,2000-07-22,27.166666666666668,32.36666666666667,22.276666666666664
ATLANTA,4,205,2000-07-23,27.08,32.333333333333336,22.116666666666667
ATLANTA,4,206,2000-07-24,27.06833333333333,32.07333333333334,22.206666666666667
ATLANTA,4,207,2000-07-25,27.205,32.376666666666665,22.136666666666667
ATLANTA,4,208,2000-07-26,27.158333333333335,32.20333333333333,22.313333333333333
ATLANTA,4,209,2000-07-27,27.39,32.07,22.59
ATLANTA,4,210,2000-07-28,27.081666666666667,31.986666666666668,22.23
ATLANTA,4,211,2000-07-29,26.76833333333333,32.016666666666666,21.736666666666668
ATLANTA,4,212,2000-07-30,26.676666666666666,31.746666666666666,21.87
ATLANTA,4,213,2000-07-31,26.413333333333334,31.336666666666666,21.87
ATLANTA,4,214,2000-08-01,26.373333333333335,31.276666666666664,21.756666666666668
ATLANTA,4,215,2000-08-02,26.761666666666667,31.803333333333335,21.98
ATLANTA,4,216,2000-08-03,26.990000000000002,32.126666666666665,22.096666666666668
ATLANTA,4,217,2000-08-04,27.293333333333333,32.58,22.19
ATLANTA,4,218,2000-08-05,27.08,32.31666666666667,22.040000000000003
ATLANTA,4,219,2000-08-06,26.94333333333333,31.763333333333332,22.4
ATLANTA,4,220,2000-08-07,26.634999999999998,31.293333333333333,22.27
ATLANTA,4,221,2000-08-08,26.51833333333333,31.509999999999998,21.966666666666665
ATLANTA,4,222,2000-08-09,26.965,32.18666666666667,22.166666666666668
ATLANTA,4,223,2000-08-10,26.813333333333333,32.02333333333333,22.066666666666666
ATLANTA,4,224,2000-08-11,26.783333333333335,31.826666666666664,22.033333333333335
ATLANTA,4,225,2000-08-12,26.73,31.8,22.0
ATLANTA,4,226,2000-08-13,26.23166666666667,31.259999999999998,21.35666666666667
ATLANTA,4,227,2000-08-14,26.220000000000002,31.443333333333335,21.196666666666665
ATLANTA,4,228,2000-08-15,26.63,31.516666666666666,21.773333333333333
ATLANTA,4,229,2000-08-16,26.94,32.02333333333333,21.996666666666666
ATLANTA,4,230,2000-08-17,27.226666666666667,32.556666666666665,22.259999999999998
ATLANTA,4,231,2000-08-18,26.958333333333332,32.39333333333333,21.970000000000002
ATLANTA,4,232,2000-08-19,26.64,31.813333333333333,22.006666666666668
ATLANTA,4,233,2000-08-20,26.21833333333333,31.5,21.413333333333334
ATLANTA,4,234,2000-08-21,26.265,31.38,21.436666666666667
ATLANTA,4,235,2000-08-22,26.078333333333333,31.186666666666667,21.2
ATLANTA,4,236,2000-08-23,25.986666666666668,30.86,21.163333333333334
ATLANTA,4,237,2000-08-24,25.66166666666667,30.186666666666667,21.136666666666667
ATLANTA,4,238,2000-08-25,25.65666666666667,30.513333333333332,20.986666666666668
ATLANTA,4,239,2000-08-26,26.098333333333336,31.176666666666666,21.326666666666664
ATLANTA,4,240,2000-08-27,26.063333333333333,30.773333333333333,21.506666666666668
ATLANTA,4,241,2000-08-28,26.391666666666666,31.133333333333333,21.67
ATLANTA,4,242,2000-08-29,25.93,30.39,21.40666666666667
ATLANTA,4,243,2000-08-30,25.673333333333336,30.466666666666665,21.283333333333335
ATLANTA,4,244,2000-08-31,25.76833333333333,30.593333333333337,21.10666666666667
ATLANTA,4,245,2000-09-01,25.465,30.15,21.053333333333335
ATLANTA,4,246,2000-09-02,25.221666666666668,29.64333333333333,21.11
ATLANTA,4,247,2000-09-03,25.136666666666667,30.053333333333335,20.486666666666668
ATLANTA,4,248,2000-09-04,25.220000000000002,30.333333333333332,20.236666666666668
ATLANTA,4,249,2000-09-05,24.83,29.773333333333333,19.95
ATLANTA,4,250,2000-09-06,24.613333333333333,29.533333333333335,19.966666666666665
ATLANTA,4,251,2000-09-07,24.795,29.833333333333332,19.69
ATLANTA,4,252,2000-09-08,24.73166666666667,29.793333333333333,19.83
ATLANTA,4,253,2000-09-09,24.683333333333334,30.113333333333333,19.57
ATLANTA,4,254,2000-09-10,24.583333333333332,29.86,19.523333333333333
ATLANTA,4,255,2000-09-11,24.683333333333334,29.796666666666667,19.613333333333333
ATLANTA,4,256,2000-09-12,24.27,29.376666666666665,19.220000000000002
ATLANTA,4,257,2000-09-13,24.046666666666667,29.276666666666664,19.05
ATLANTA,4,258,2000-09-14,23.785,29.563333333333333,18.973333333333336
ATLANTA,4,259,2000-09-15,23.93166666666667,28.873333333333335,19.153333333333332
ATLANTA,4,260,2000-09-16,23.941666666666666,28.703333333333333,19.11
ATLANTA,4,261,2000-09-17,23.545,28.313333333333333,18.83
ATLANTA,4,262,2000-09-18,23.14,28.02,18.39
ATLANTA,4,263,2000-09-19,23.23,28.426666666666666,18.06
ATLANTA,4,264,2000-09-20,23.186666666666667,27.986666666666668,18.283333333333335
ATLANTA,4,265,2000-09-21,22.746666666666666,27.59333333333333,18.023333333333333
ATLANTA,4,266,2000-09-22,22.925,27.986666666666668,17.85
ATLANTA,4,267,2000-09-23,22.486666666666668,27.35,17.58
ATLANTA,4,268,2000-09-24,21.73,26.509999999999998,17.113333333333333
ATLANTA,4,269,2000-09-25,21.808333333333334,26.91,17.0
ATLANTA,4,270,2000-09-26,21.778333333333332,26.736666666666668,17.113333333333333
ATLANTA,4,271,2000-09-27,21.51833333333333,26.363333333333333,16.883333333333333
ATLANTA,4,272,2000-09-28,21.078333333333333,26.13,16.313333333333333
ATLANTA,4,273,2000-09-29,20.598333333333336,25.896666666666665,15.296666666666665
ATLANTA,4,274,2000-09-30,20.073333333333334,25.423333333333336,14.796666666666665
ATLANTA,4,275,2000-10-01,20.198333333333334,25.45,15.096666666666666
ATLANTA,4,276,2000-10-02,20.39,25.37,15.35
ATLANTA,4,277,2000-10-03,20.81833333333333,25.946666666666665,15.57
ATLANTA,4,278,2000-10-04,20.69333333333333,26.09333333333333,15.296666666666665
ATLANTA,4,279,2000-10-05,20.141666666666666,25.5,15.096666666666666
ATLANTA,4,280,2000-10-06,19.764999999999997,24.92,14.793333333333333
ATLANTA,4,281,2000-10-07,19.38,24.41,14.65
ATLANTA,4,282,2000-10-08,19.708333333333332,24.25,15.343333333333334
ATLANTA,4,283,2000-10-09,19.421666666666667,24.0,14.993333333333334
ATLANTA,4,284,2000-10-10,19.336666666666666,24.209999999999997,14.483333333333333
ATLANTA,4,285,2000-10-11,18.915000000000003,23.916666666666668,13.996666666666666
ATLANTA,4,286,2000-10-12,18.761666666666667,23.84,14.020000000000001
ATLANTA,4,287,2000-10-13,18.256666666666668,23.65,12.706666666666667
ATLANTA,4,288,2000-10-14,17.751666666666665,23.263333333333332,12.389999999999999
ATLANTA,4,289,2000-10-15,17.41166666666667,22.753333333333334,11.923333333333334
ATLANTA,4,290,2000-10-16,16.975,22.876666666666665,11.133333333333333
ATLANTA,4,291,2000-10-17,17.154999999999998,23.033333333333335,11.356666666666666
ATLANTA,4,292,2000-10-18,17.033333333333335,22.64,11.586666666666668
ATLANTA,4,293,2000-10-19,16.6,22.52,10.943333333333333
ATLANTA,4,294,2000-10-20,16.815,23.06,10.78
ATLANTA,4,295,2000-10-21,16.735,22.293333333333333,10.846666666666666
ATLANTA,4,296,2000-10-22,16.303333333333335,22.029999999999998,10.46
ATLANTA,4,297,2000-10-23,15.741666666666667,21.386666666666667,10.333333333333334
ATLANTA,4,298,2000-10-24,15.733333333333333,21.05,10.426666666666668
ATLANTA,4,299,2000-10-25,16.56,22.003333333333334,11.276666666666667
ATLANTA,4,300,2000-10-26,16.33833333333333,21.596666666666668,11.06
ATLANTA,4,301,2000-10-27,15.889999999999999,21.57,10.32
ATLANTA,4,302,2000-10-28,15.396666666666668,20.373333333333335,10.32
ATLANTA,4,303,2000-10-29,15.658333333333333,21.759999999999998,9.629999999999999
ATLANTA,4,304,2000-10-30,15.658333333333333,21.05666666666667,9.83
ATLANTA,4,305,2000-10-31,15.321666666666665,20.82,9.926666666666668
ATLANTA,4,306,2000-11-01,14.815,20.426666666666666,9.0
ATLANTA,4,307,2000-11-02,13.996666666666666,19.983333333333334,8.276666666666667
ATLANTA,4,308,2000-11-03,13.745000000000001,19.516666666666666,8.246666666666666
ATLANTA,4,309,2000-11-04,14.245000000000001,19.326666666666664,9.38
ATLANTA,4,310,2000-11-05,13.780000000000001,19.043333333333333,8.426666666666668
ATLANTA,4,311,2000-11-06,13.628333333333334,19.029999999999998,7.94
ATLANTA,4,312,2000-11-07,13.085,18.09,7.753333333333333
ATLANTA,4,313,2000-11-08,13.3,18.753333333333334,7.87
ATLANTA,4,314,2000-11-09,13.046666666666665,18.766666666666666,7.7
ATLANTA,4,315,2000-11-10,12.193333333333333,18.176666666666666,6.3933333333333335
ATLANTA,4,316,2000-11-11,11.770000000000001,16.96,6.176666666666667
ATLANTA,4,317,2000-11-12,11.798333333333334,17.416666666666668,6.086666666666667
ATLANTA,4,318,2000-11-13,12.001666666666667,17.240000000000002,6.486666666666666
ATLANTA,4,319,2000-11-14,11.775,16.7,6.883333333333334
ATLANTA,4,320,2000-11-15,11.501666666666667,17.613333333333333,5.903333333333333
ATLANTA,4,321,2000-11-16,10.795,16.483333333333334,5.423333333333333
ATLANTA,4,322,2000-11-17,11.381666666666666,17.37,5.286666666666666
ATLANTA,4,323,2000-11-18,11.378333333333334,16.95,5.7
ATLANTA,4,324,2000-11-19,11.685,16.96,6.15
ATLANTA,4,325,2000-11-20,12.051666666666668,17.259999999999998,7.046666666666667
ATLANTA,4,326,2000-11-21,11.568333333333333,16.91,6.236666666666666
ATLANTA,4,327,2000-11-22,10.858333333333333,16.0,5.62
ATLANTA,4,328,2000-11-23,11.188333333333333,16.403333333333332,5.88
ATLANTA,4,329,2000-11-24,10.805,15.979999999999999,5.8933333333333335
ATLANTA,4,330,2000-11-25,11.001666666666667,16.813333333333333,5.319999999999999
ATLANTA,4,331,2000-11-26,10.463333333333333,15.813333333333333,4.79
ATLANTA,4,332,2000-11-27,9.97,16.25,4.0633333333333335
ATLANTA,4,333,2000-11-28,10.595,16.456666666666667,5.386666666666667
ATLANTA,4,334,2000-11-29,11.378333333333334,16.743333333333332,6.1866666666666665
ATLANTA,4,335,2000-11-30,10.668333333333333,15.996666666666666,4.959999999999999
ATLANTA,4,336,2000-12-01,10.445,16.143333333333334,4.456666666666667
ATLANTA,4,337,2000-12-02,9.879999999999999,15.366666666666667,4.58
ATLANTA,4,338,2000-12-03,9.879999999999999,15.183333333333334,4.5
ATLANTA,4,339,2000-12-04,9.7,14.33,5.14
ATLANTA,4,340,2000-12-05,8.903333333333334,13.903333333333334,4.043333333333333
ATLANTA,4,341,2000-12-06,8.139999999999999,13.393333333333334,3.1166666666666667
ATLANTA,4,342,2000-12-07,8.383333333333333,12.716666666666667,3.7133333333333334
ATLANTA,4,343,2000-12-08,8.360000000000001,13.04,3.856666666666667
ATLANTA,4,344,2000-12-09,8.401666666666666,13.166666666666666,3.506666666666667
ATLANTA,4,345,2000-12-10,7.795,13.026666666666667,3.216666666666667
ATLANTA,4,346,2000-12-11,8.011666666666667,12.606666666666666,3.4733333333333336
ATLANTA,4,347,2000-12-12,8.59,13.443333333333333,4.156666666666667
ATLANTA,4,348,2000-12-13,8.698333333333332,12.913333333333332,4.553333333333333
ATLANTA,4,349,2000-12-14,8.371666666666666,13.523333333333333,3.0900000000000003
ATLANTA,4,350,2000-12-15,8.526666666666667,13.93,3.2333333333333334
ATLANTA,4,351,2000-12-16,8.65,13.463333333333333,3.6566666666666667
ATLANTA,4,352,2000-12-17,7.898333333333334,12.983333333333333,3.1199999999999997
ATLANTA,4,353,2000-12-18,7.8933333333333335,13.45,2.493333333333333
ATLANTA,4,354,2000-12-19,7.0,11.479999999999999,2.6166666666666667
ATLANTA,4,355,2000-12-20,7.993333333333334,12.096666666666666,3.8733333333333335
ATLANTA,4,356,2000-12-21,8.08,13.006666666666666,3.3433333333333333
ATLANTA,4,357,2000-12-22,7.8116666666666665,12.58,3.0566666666666666
ATLANTA,4,358,2000-12-23,7.283333333333333,12.06,2.46
ATLANTA,4,359,2000-12-24,6.595,11.24,1.7633333333333334
ATLANTA,4,360,2000-12-25,6.141666666666667,11.383333333333333,1.1766666666666665
ATLANTA,4,361,2000-12-26,7.04,11.796666666666665,2.396666666666667
ATLANTA,4,362,2000-12-27,7.953333333333333,12.463333333333333,3.6866666666666665
ATLANTA,4,363,2000-12-28,8.703333333333335,13.613333333333333,3.8766666666666665
ATLANTA,4,364,2000-12-29,8.315,12.713333333333333,3.4166666666666665
ATLANTA,4,365,2000-12-30,8.431666666666667,12.719999999999999,3.796666666666667
ATLANTA,4,366,2000-12-31,8.1625,12.775,3.625
SAN FRANCISCO,5,1,2000-01-01,10.381666666666666,13.616666666666667,6.836666666666667
SAN FRANCISCO,5,2,2000-01-02,9.923333333333334,13.286666666666667,6.673333333333333
SAN FRANCISCO,5,3,2000-01-03,9.986666666666668,13.536666666666667,6.576666666666667
SAN FRANCISCO,5,4,2000-01-04,9.966666666666667,13.423333333333334,6.453333333333333
SAN FRANCISCO,5,5,2000-01-05,10.185,13.306666666666667,6.533333333333333
SAN FRANCISCO,5,6,2000-01-06,9.766666666666667,13.133333333333333,6.406666666666666
SAN FRANCISCO,5,7,2000-01-07,10.4,13.686666666666667,7.09
SAN FRANCISCO,5,8,2000-01-08,10.721666666666666,13.8,7.739999999999999
SAN FRANCISCO,5,9,2000-01-09,10.671666666666665,13.5,7.833333333333333
SAN FRANCISCO,5,10,2000-01-10,10.776666666666667,14.036666666666667,7.683333333333334
SAN FRANCISCO,5,11,2000-01-11,10.503333333333334,13.416666666666666,7.536666666666666
SAN FRANCISCO,5,12,2000-01-12,10.665,13.903333333333334,7.59
SAN FRANCISCO,5,13,2000-01-13,10.841666666666667,14.356666666666666,7.113333333333333
SAN FRANCISCO,5,14,2000-01-14,10.066666666666666,13.293333333333333,6.65
SAN FRANCISCO,5,15,2000-01-15,10.516666666666667,14.04,6.986666666666666
SAN FRANCISCO,5,16,2000-01-16,10.621666666666666,14.243333333333334,7.22
SAN FRANCISCO,5,17,2000-01-17,10.92,14.146666666666667,7.35
SAN FRANCISCO,5,18,2000-01-18,11.043333333333333,14.793333333333333,7.506666666666666
SAN FRANCISCO,5,19,2000-01-19,10.953333333333335,14.370000000000001,7.543333333333334
SAN FRANCISCO,5,20,2000-01-20,10.726666666666667,14.033333333333333,7.123333333333333
SAN FRANCISCO,5,21,2000-01-21,10.781666666666666,14.096666666666666,7.693333333333333
SAN FRANCISCO,5,22,2000-01-22,10.771666666666667,14.020000000000001,7.3566666666666665
SAN FRANCISCO,5,23,2000-01-23,10.616666666666667,14.053333333333335,7.303333333333333
SAN FRANCISCO,5,24,2000-01-24,10.521666666666667,13.979999999999999,7.239999999999999
SAN FRANCISCO,5,25,2000-01-25,10.953333333333335,14.476666666666667,7.52
SAN FRANCISCO,5,26,2000-01-26,10.926666666666668,14.076666666666666,7.680000000000001
SAN FRANCISCO,5,27,2000-01-27,11.008333333333333,14.65,7.556666666666667
SAN FRANCISCO,5,28,2000-01-28,10.761666666666667,14.443333333333333,7.25
SAN FRANCISCO,5,29,2000-01-29,11.253333333333334,14.986666666666668,7.4399999999999995
SAN FRANCISCO,5,30,2000-01-30,11.041666666666666,14.72,7.54
SAN FRANCISCO,5,31,2000-01-31,11.033333333333333,14.876666666666667,7.373333333333333
SAN FRANCISCO,5,32,2000-02-01,11.358333333333333,15.296666666666669,7.569999999999999
SAN FRANCISCO,5,33,2000-02-02,11.686666666666667,15.453333333333335,8.036666666666667
SAN FRANCISCO,5,34,2000-02-03,11.638333333333332,15.476666666666667,7.793333333333334
SAN FRANCISCO,5,35,2000-02-04,12.004999999999999,15.763333333333332,8.04
SAN FRANCISCO,5,36,2000-02-05,11.636666666666667,15.633333333333333,7.84
SAN FRANCISCO,5,37,2000-02-06,11.738333333333333,15.256666666666666,8.373333333333333
SAN FRANCISCO,5,38,2000-02-07,12.241666666666667,15.51,8.986666666666668
SAN FRANCISCO,5,39,2000-02-08,11.9,15.383333333333333,8.49
SAN FRANCISCO,5,40,2000-02-09,11.828333333333335,15.78,7.733333333333333
SAN FRANCISCO,5,41,2000-02-10,11.825,15.726666666666667,7.856666666666667
SAN FRANCISCO,5,42,2000-02-11,11.715,15.603333333333333,7.9
SAN FRANCISCO,5,43,2000-02-12,11.651666666666667,15.803333333333335,7.703333333333333
SAN FRANCISCO,5,44,2000-02-13,11.825,15.870000000000001,8.223333333333333
SAN FRANCISCO,5,45,2000-02-14,12.125,16.203333333333333,8.253333333333334
SAN FRANCISCO,5,46,2000-02-15,11.801666666666668,15.520000000000001,8.18
SAN FRANCISCO,5,47,2000-02-16,12.215,15.903333333333334,8.546666666666665
SAN FRANCISCO,5,48,2000-02-17,12.075,15.46,8.686666666666667
SAN FRANCISCO,5,49,2000-02-18,11.463333333333333,14.620000000000001,8.35
SAN FRANCISCO,5,50,2000-02-19,11.193333333333333,14.486666666666668,8.056666666666667
SAN FRANCISCO,5,51,2000-02-20,11.535,15.266666666666667,7.993333333333334
SAN FRANCISCO,5,52,2000-02-21,11.933333333333334,15.753333333333334,8.273333333333333
SAN FRANCISCO,5,53,2000-02-22,11.701666666666666,15.530000000000001,7.816666666666666
SAN FRANCISCO,5,54,2000-02-23,11.258333333333333,14.889999999999999,7.65
SAN FRANCISCO,5,55,2000-02-24,11.536666666666667,15.78,7.54
SAN FRANCISCO,5,56,2000-02-25,11.723333333333333,15.656666666666666,8.003333333333334
SAN FRANCISCO,5,57,2000-02-26,11.791666666666666,15.313333333333333,8.33
SAN FRANCISCO,5,58,2000-02-27,12.145000000000001,15.963333333333333,8.503333333333334
SAN FRANCISCO,5,59,2000-02-28,12.161666666666667,15.873333333333333,8.333333333333334
SAN FRANCISCO,5,60,2000-02-29,12.026666666666667,15.756666666666666,8.59
SAN FRANCISCO,5,61,2000-03-01,12.365,16.013333333333335,8.756666666666666
SAN FRANCISCO,5,62,2000-03-02,12.218333333333334,16.106666666666666,8.483333333333333
SAN FRANCISCO,5,63,2000-03-03,11.925,15.893333333333334,8.136666666666667
SAN FRANCISCO,5,64,2000-03-04,12.233333333333333,16.32,8.386666666666667
SAN FRANCISCO,5,65,2000-03-05,12.31,16.243333333333332,8.363333333333333
SAN FRANCISCO,5,66,2000-03-06,11.986666666666668,15.95,8.066666666666666
SAN FRANCISCO,5,67,2000-03-07,12.125,16.1,8.236666666666666
SAN FRANCISCO,5,68,2000-03-08,12.168333333333333,16.576666666666668,8.236666666666666
SAN FRANCISCO,5,69,2000-03-09,12.823333333333332,17.223333333333336,8.803333333333335
SAN FRANCISCO,5,70,2000-03-10,13.303333333333335,17.93,9.016666666666667
SAN FRANCISCO,5,71,2000-03-11,13.668333333333333,17.773333333333333,9.65
SAN FRANCISCO,5,72,2000-03-12,13.031666666666666,17.61,8.876666666666667
SAN FRANCISCO,5,73,2000-03-13,13.383333333333333,17.64,9.496666666666666
SAN FRANCISCO,5,74,2000-03-14,13.371666666666666,17.376666666666665,9.17
SAN FRANCISCO,5,75,2000-03-15,13.354999999999999,17.166666666666668,9.606666666666666
SAN FRANCISCO,5,76,2000-03-16,11.918333333333333,17.08,9.316666666666666
SAN FRANCISCO,5,77,2000-03-17,13.378333333333334,18.223333333333336,8.860000000000001
SAN FRANCISCO,5,78,2000-03-18,13.556666666666667,18.05666666666667,9.416666666666666
SAN FRANCISCO,5,79,2000-03-19,13.163333333333332,16.653333333333332,9.793333333333333
SAN FRANCISCO,5,80,2000-03-20,13.251666666666667,17.066666666666666,9.736666666666668
SAN FRANCISCO,5,81,2000-03-21,13.043333333333333,16.476666666666667,9.333333333333334
SAN FRANCISCO,5,82,2000-03-22,12.701666666666666,16.52,9.09
SAN FRANCISCO,5,83,2000-03-23,12.469999999999999,16.406666666666666,8.783333333333333
SAN FRANCISCO,5,84,2000-03-24,12.7,16.443333333333335,8.886666666666667
SAN FRANCISCO,5,85,2000-03-25,12.661666666666667,16.496666666666666,9.129999999999999
SAN FRANCISCO,5,86,2000-03-26,12.778333333333334,17.15,8.48
SAN FRANCISCO,5,87,2000-03-27,13.421666666666665,17.766666666666666,9.496666666666666
SAN FRANCISCO,5,88,2000-03-28,13.533333333333333,18.003333333333334,9.143333333333334
SAN FRANCISCO,5,89,2000-03-29,13.655,18.076666666666664,9.403333333333334
SAN FRANCISCO,5,90,2000-03-30,13.283333333333333,17.456666666666667,9.216666666666667
SAN FRANCISCO,5,91,2000-03-31,13.208333333333334,17.696666666666665,9.183333333333334
SAN FRANCISCO,5,92,2000-04-01,13.276666666666667,17.206666666666667,9.65
SAN FRANCISCO,5,93,2000-04-02,13.014999999999999,17.52,8.9
SAN FRANCISCO,5,94,2000-04-03,12.981666666666666,17.19,9.166666666666666
SAN FRANCISCO,5,95,2000-04-04,12.823333333333332,16.783333333333335,9.133333333333333
SAN FRANCISCO,5,96,2000-04-05,13.048333333333334,17.03666666666667,9.326666666666666
SAN FRANCISCO,5,97,2000-04-06,13.356666666666666,17.18,9.54
SAN FRANCISCO,5,98,2000-04-07,13.151666666666667,17.486666666666668,8.966666666666667
SAN FRANCISCO,5,99,2000-04-08,12.889999999999999,16.88,9.18
SAN FRANCISCO,5,100,2000-04-09,13.421666666666665,17.529999999999998,9.546666666666665
SAN FRANCISCO,5,101,2000-04-10,13.336666666666668,17.10666666666667,9.716666666666667
SAN FRANCISCO,5,102,2000-04-11,13.421666666666665,17.793333333333333,9.476666666666667
SAN FRANCISCO,5,103,2000-04-12,13.408333333333333,17.466666666666665,9.573333333333332
SAN FRANCISCO,5,104,2000-04-13,13.248333333333333,17.65,9.18
SAN FRANCISCO,5,105,2000-04-14,13.293333333333333,17.796666666666667,9.003333333333334
SAN FRANCISCO,5,106,2000-04-15,13.743333333333334,18.0,9.873333333333333
SAN FRANCISCO,5,107,2000-04-16,13.925,18.0,10.120000000000001
SAN FRANCISCO,5,108,2000-04-17,13.926666666666668,18.696666666666665,9.763333333333332
SAN FRANCISCO,5,109,2000-04-18,13.08,18.863333333333333,9.723333333333333
SAN FRANCISCO,5,110,2000-04-19,14.32,18.826666666666664,10.356666666666666
SAN FRANCISCO,5,111,2000-04-20,14.336666666666668,19.15,10.126666666666667
SAN FRANCISCO,5,112,2000-04-21,14.573333333333332,19.083333333333332,10.526666666666667
SAN FRANCISCO,5,113,2000-04-22,14.673333333333334,19.426666666666666,10.346666666666666
SAN FRANCISCO,5,114,2000-04-23,14.325,18.526666666666664,10.543333333333333
SAN FRANCISCO,5,115,2000-04-24,14.395000000000001,18.486666666666668,10.386666666666667
SAN FRANCISCO,5,116,2000-04-25,14.413333333333332,19.076666666666664,10.07
SAN FRANCISCO,5,117,2000-04-26,14.666666666666666,19.466666666666665,10.25
SAN FRANCISCO,5,118,2000-04-27,14.571666666666667,19.540000000000003,10.063333333333333
SAN FRANCISCO,5,119,2000-04-28,14.726666666666667,19.426666666666666,10.54
SAN FRANCISCO,5,120,2000-04-29,15.096666666666668,20.42666666666667,10.383333333333333
SAN FRANCISCO,5,121,2000-04-30,14.325,20.5,10.646666666666667
SAN FRANCISCO,5,122,2000-05-01,14.196666666666665,20.316666666666666,10.96
SAN FRANCISCO,5,123,2000-05-02,15.315,19.863333333333333,11.016666666666667
SAN FRANCISCO,5,124,2000-05-03,14.946666666666665,19.533333333333335,10.81
SAN FRANCISCO,5,125,2000-05-04,14.561666666666667,18.94333333333333,10.520000000000001
SAN FRANCISCO,5,126,2000-05-05,14.648333333333333,18.89,10.743333333333334
SAN FRANCISCO,5,127,2000-05-06,15.073333333333332,19.596666666666668,10.963333333333333
SAN FRANCISCO,5,128,2000-05-07,14.961666666666668,19.476666666666667,10.943333333333333
SAN FRANCISCO,5,129,2000-05-08,14.636666666666667,19.2,10.65
SAN FRANCISCO,5,130,2000-05-09,14.556666666666667,18.93,10.5
SAN FRANCISCO,5,131,2000-05-10,14.285,18.96333333333333,10.206666666666667
SAN FRANCISCO,5,132,2000-05-11,14.748333333333333,19.35666666666667,10.56
SAN FRANCISCO,5,133,2000-05-12,14.610000000000001,19.013333333333332,10.53
SAN FRANCISCO,5,134,2000-05-13,15.171666666666665,19.459999999999997,11.186666666666667
SAN FRANCISCO,5,135,2000-05-14,15.56,19.723333333333336,11.406666666666666
SAN FRANCISCO,5,136,2000-05-15,15.45,19.35,11.74
SAN FRANCISCO,5,137,2000-05-16,15.461666666666668,19.6,11.706666666666667
SAN FRANCISCO,5,138,2000-05-17,15.496666666666666,20.040000000000003,11.45
SAN FRANCISCO,5,139,2000-05-18,15.503333333333332,19.83,11.563333333333333
SAN FRANCISCO,5,140,2000-05-19,15.47,20.14,11.28
SAN FRANCISCO,5,141,2000-05-20,15.188333333333333,19.57,11.113333333333333
SAN FRANCISCO,5,142,2000-05-21,15.411666666666665,19.866666666666667,11.243333333333334
SAN FRANCISCO,5,143,2000-05-22,15.506666666666666,20.02,11.366666666666667
SAN FRANCISCO,5,144,2000-05-23,15.44,20.016666666666666,11.263333333333332
SAN FRANCISCO,5,145,2000-05-24,15.28,19.586666666666666,11.453333333333335
SAN FRANCISCO,5,146,2000-05-25,15.335,19.57,11.666666666666666
SAN FRANCISCO,5,147,2000-05-26,15.343333333333334,19.490000000000002,11.616666666666667
SAN FRANCISCO,5,148,2000-05-27,15.639999999999999,19.966666666666665,11.596666666666666
SAN FRANCISCO,5,149,2000-05-28,15.805,20.246666666666666,11.54
SAN FRANCISCO,5,150,2000-05-29,15.733333333333333,20.073333333333334,11.639999999999999
SAN FRANCISCO,5,151,2000-05-30,16.08833333333333,20.71333333333333,11.886666666666665
SAN FRANCISCO,5,152,2000-05-31,15.853333333333333,20.853333333333335,11.566666666666666
SAN FRANCISCO,5,153,2000-06-01,15.866666666666667,20.5,11.766666666666667
SAN FRANCISCO,5,154,2000-06-02,15.741666666666667,20.283333333333335,11.763333333333332
SAN FRANCISCO,5,155,2000-06-03,16.27,21.05666666666667,12.146666666666667
SAN FRANCISCO,5,156,2000-06-04,16.125,20.64333333333333,11.93
SAN FRANCISCO,5,157,2000-06-05,15.8,19.923333333333336,11.886666666666667
SAN FRANCISCO,5,158,2000-06-06,15.593333333333334,20.023333333333333,11.656666666666666
SAN FRANCISCO,5,159,2000-06-07,16.085,21.053333333333335,11.796666666666665
SAN FRANCISCO,5,160,2000-06-08,16.593333333333334,21.353333333333335,12.06
SAN FRANCISCO,5,161,2000-06-09,16.728333333333335,21.476666666666667,12.463333333333333
SAN FRANCISCO,5,162,2000-06-10,16.441666666666666,20.970000000000002,12.303333333333335
SAN FRANCISCO,5,163,2000-06-11,16.731666666666666,21.823333333333334,11.913333333333332
SAN FRANCISCO,5,164,2000-06-12,16.941666666666666,21.990000000000002,12.18
SAN FRANCISCO,5,165,2000-06-13,16.883333333333333,22.236666666666668,12.113333333333333
SAN FRANCISCO,5,166,2000-06-14,16.365,20.703333333333333,12.263333333333332
SAN FRANCISCO,5,167,2000-06-15,16.3,21.136666666666667,11.879999999999999
SAN FRANCISCO,5,168,2000-06-16,16.686666666666667,21.796666666666667,12.08
SAN FRANCISCO,5,169,2000-06-17,15.833333333333334,22.223333333333336,12.326666666666666
SAN FRANCISCO,5,170,2000-06-18,16.904999999999998,21.876666666666665,12.243333333333334
SAN FRANCISCO,5,171,2000-06-19,17.00166666666667,22.05666666666667,12.226666666666667
SAN FRANCISCO,5,172,2000-06-20,16.916666666666668,22.0,12.28
SAN FRANCISCO,5,173,2000-06-21,16.936666666666667,22.2448275862069,12.051724137931034
SAN FRANCISCO,5,174,2000-06-22,16.533333333333335,21.144827586206898,12.03448275862069
SAN FRANCISCO,5,175,2000-06-23,16.87666666666667,21.444827586206895,12.296551724137931
SAN FRANCISCO,5,176,2000-06-24,17.526666666666664,22.579310344827583,12.741379310344827
SAN FRANCISCO,5,177,2000-06-25,17.384999999999998,22.24827586206897,12.758620689655173
SAN FRANCISCO,5,178,2000-06-26,17.665000000000003,22.43793103448276,13.23448275862069
SAN FRANCISCO,5,179,2000-06-27,17.288333333333334,21.74137931034483,13.096551724137932
SAN FRANCISCO,5,180,2000-06-28,17.206666666666667,21.724137931034484,12.89310344827586
SAN FRANCISCO,5,181,2000-06-29,16.423333333333332,22.186206896551724,13.100000000000001
SAN FRANCISCO,5,182,2000-06-30,17.566666666666666,22.606896551724137,12.824137931034482
SAN FRANCISCO,5,183,2000-07-01,17.215,22.127586206896552,12.824137931034482
SAN FRANCISCO,5,184,2000-07-02,17.053333333333335,21.837931034482757,12.700000000000001
SAN FRANCISCO,5,185,2000-07-03,17.253333333333334,21.96206896551724,12.686206896551724
SAN FRANCISCO,5,186,2000-07-04,16.863333333333333,21.56896551724138,12.417241379310346
SAN FRANCISCO,5,187,2000-07-05,16.901666666666667,21.07241379310345,12.66551724137931
SAN FRANCISCO,5,188,2000-07-06,17.151666666666664,21.606896551724137,12.641379310344828
SAN FRANCISCO,5,189,2000-07-07,17.486666666666668,22.279310344827586,12.737931034482758
SAN FRANCISCO,5,190,2000-07-08,17.09333333333333,21.806896551724137,12.83448275862069
SAN FRANCISCO,5,191,2000-07-09,17.43,21.920689655172417,13.00344827586207
SAN FRANCISCO,5,192,2000-07-10,17.076666666666664,21.886206896551727,12.913793103448276
SAN FRANCISCO,5,193,2000-07-11,17.258333333333333,22.53666666666667,13.110000000000001
SAN FRANCISCO,5,194,2000-07-12,16.98,22.07,13.13
SAN FRANCISCO,5,195,2000-07-13,17.365000000000002,21.96333333333333,13.226666666666667
SAN FRANCISCO,5,196,2000-07-14,17.381666666666668,22.53666666666667,13.096666666666666
SAN FRANCISCO,5,197,2000-07-15,17.458333333333332,22.25,13.253333333333334
SAN FRANCISCO,5,198,2000-07-16,17.395,21.82,13.253333333333334
SAN FRANCISCO,5,199,2000-07-17,17.654999999999998,22.513333333333332,13.373333333333333
SAN FRANCISCO,5,200,2000-07-18,17.645,22.11,13.81
SAN FRANCISCO,5,201,2000-07-19,17.95,22.503333333333334,13.756666666666666
SAN FRANCISCO,5,202,2000-07-20,17.651666666666664,21.756666666666668,13.83
SAN FRANCISCO,5,203,2000-07-21,17.881666666666668,22.613333333333333,13.776666666666667
SAN FRANCISCO,5,204,2000-07-22,17.706666666666667,22.040000000000003,13.546666666666665
SAN FRANCISCO,5,205,2000-07-23,17.725,22.513333333333332,13.436666666666667
SAN FRANCISCO,5,206,2000-07-24,17.616666666666667,22.05666666666667,13.610000000000001
SAN FRANCISCO,5,207,2000-07-25,17.451666666666664,22.256666666666668,13.07
SAN FRANCISCO,5,208,2000-07-26,17.473333333333336,22.540000000000003,13.163333333333334
SAN FRANCISCO,5,209,2000-07-27,17.323333333333334,21.64333333333333,13.316666666666666
SAN FRANCISCO,5,210,2000-07-28,17.245,21.25,13.44
SAN FRANCISCO,5,211,2000-07-29,17.39,21.85666666666667,13.353333333333333
SAN FRANCISCO,5,212,2000-07-30,17.648333333333333,22.243333333333332,13.476666666666667
SAN FRANCISCO,5,213,2000-07-31,17.696666666666665,22.303333333333335,13.59
SAN FRANCISCO,5,214,2000-08-01,17.39,21.683333333333334,13.426666666666668
SAN FRANCISCO,5,215,2000-08-02,17.566666666666666,22.096666666666668,13.35
SAN FRANCISCO,5,216,2000-08-03,17.708333333333332,21.973333333333336,13.793333333333333
SAN FRANCISCO,5,217,2000-08-04,17.506666666666668,21.759999999999998,13.65
SAN FRANCISCO,5,218,2000-08-05,17.42,21.486666666666668,13.723333333333333
SAN FRANCISCO,5,219,2000-08-06,17.453333333333333,21.55666666666667,13.826666666666666
SAN FRANCISCO,5,220,2000-08-07,17.776666666666664,22.2,13.806666666666667
SAN FRANCISCO,5,221,2000-08-08,18.15,23.07,13.886666666666667
SAN FRANCISCO,5,222,2000-08-09,18.154999999999998,23.07,13.866666666666667
SAN FRANCISCO,5,223,2000-08-10,17.790000000000003,22.546666666666667,13.606666666666666
SAN FRANCISCO,5,224,2000-08-11,18.303333333333335,23.573333333333334,13.453333333333335
SAN FRANCISCO,5,225,2000-08-12,18.138333333333332,22.853333333333335,13.773333333333333
SAN FRANCISCO,5,226,2000-08-13,17.848333333333336,22.64333333333333,13.67
SAN FRANCISCO,5,227,2000-08-14,18.041666666666668,23.263333333333332,13.883333333333333
SAN FRANCISCO,5,228,2000-08-15,18.283333333333335,23.333333333333332,13.683333333333334
SAN FRANCISCO,5,229,2000-08-16,17.766666666666666,22.14,13.526666666666667
SAN FRANCISCO,5,230,2000-08-17,17.416666666666668,21.82,13.536666666666667
SAN FRANCISCO,5,231,2000-08-18,17.523333333333333,21.923333333333336,13.663333333333332
SAN FRANCISCO,5,232,2000-08-19,17.459999999999997,21.44333333333333,13.870000000000001
SAN FRANCISCO,5,233,2000-08-20,17.665000000000003,22.03666666666667,13.78
SAN FRANCISCO,5,234,2000-08-21,18.211666666666666,22.863333333333333,14.006666666666666
SAN FRANCISCO,5,235,2000-08-22,18.138333333333332,22.996666666666666,13.68
SAN FRANCISCO,5,236,2000-08-23,18.038333333333334,22.90666666666667,13.59
SAN FRANCISCO,5,237,2000-08-24,18.016666666666666,22.776666666666664,13.663333333333332
SAN FRANCISCO,5,238,2000-08-25,17.758333333333333,22.853333333333335,13.373333333333333
SAN FRANCISCO,5,239,2000-08-26,18.37,23.40666666666667,13.74
SAN FRANCISCO,5,240,2000-08-27,18.546666666666667,23.733333333333334,13.993333333333334
SAN FRANCISCO,5,241,2000-08-28,18.666666666666668,23.383333333333333,14.293333333333333
SAN FRANCISCO,5,242,2000-08-29,18.123333333333335,22.69333333333333,13.933333333333334
SAN FRANCISCO,5,243,2000-08-30,18.296666666666667,23.416666666666668,13.79
SAN FRANCISCO,5,244,2000-08-31,18.403333333333332,23.533333333333335,13.943333333333333
SAN FRANCISCO,5,245,2000-09-01,18.94,24.113333333333333,14.283333333333333
SAN FRANCISCO,5,246,2000-09-02,18.240000000000002,22.623333333333335,14.003333333333334
SAN FRANCISCO,5,247,2000-09-03,17.935,22.603333333333335,13.75
SAN FRANCISCO,5,248,2000-09-04,18.401666666666664,23.513333333333332,13.610000000000001
SAN FRANCISCO,5,249,2000-09-05,18.813333333333333,24.773333333333333,13.629999999999999
SAN FRANCISCO,5,250,2000-09-06,19.125,25.313333333333333,13.723333333333333
SAN FRANCISCO,5,251,2000-09-07,18.605,23.96333333333333,13.683333333333334
SAN FRANCISCO,5,252,2000-09-08,18.02,22.84333333333333,13.479999999999999
SAN FRANCISCO,5,253,2000-09-09,18.128333333333334,23.623333333333335,13.4
SAN FRANCISCO,5,254,2000-09-10,18.16,23.05666666666667,13.753333333333334
SAN FRANCISCO,5,255,2000-09-11,17.976666666666667,22.736666666666668,13.923333333333334
SAN FRANCISCO,5,256,2000-09-12,17.8,22.366666666666667,13.610000000000001
SAN FRANCISCO,5,257,2000-09-13,17.27,21.18,13.623333333333333
SAN FRANCISCO,5,258,2000-09-14,17.336666666666666,21.533333333333335,13.53
SAN FRANCISCO,5,259,2000-09-15,17.341666666666665,21.57,13.42
SAN FRANCISCO,5,260,2000-09-16,17.486666666666668,22.09,13.413333333333332
SAN FRANCISCO,5,261,2000-09-17,18.35666666666667,23.776666666666664,13.46
SAN FRANCISCO,5,262,2000-09-18,18.435,24.496666666666666,13.35
SAN FRANCISCO,5,263,2000-09-19,18.706666666666667,24.603333333333335,13.7
SAN FRANCISCO,5,264,2000-09-20,18.368333333333332,23.153333333333332,13.56
SAN FRANCISCO,5,265,2000-09-21,17.563333333333333,22.02,13.4
SAN FRANCISCO,5,266,2000-09-22,17.658333333333335,23.17,12.946666666666665
SAN FRANCISCO,5,267,2000-09-23,18.28666666666667,24.333333333333332,12.973333333333333
SAN FRANCISCO,5,268,2000-09-24,18.315,23.959999999999997,13.21
SAN FRANCISCO,5,269,2000-09-25,18.43,24.183333333333334,13.29
SAN FRANCISCO,5,270,2000-09-26,18.53166666666667,23.726666666666667,13.716666666666667
SAN FRANCISCO,5,271,2000-09-27,18.528333333333332,23.85,13.483333333333333
SAN FRANCISCO,5,272,2000-09-28,17.87,22.84333333333333,13.016666666666667
SAN FRANCISCO,5,273,2000-09-29,17.325,22.196666666666665,13.07
SAN FRANCISCO,5,274,2000-09-30,17.41,22.23,13.286666666666667
SAN FRANCISCO,5,275,2000-10-01,17.676666666666666,22.85,13.126666666666667
SAN FRANCISCO,5,276,2000-10-02,17.353333333333335,22.256666666666668,12.966666666666667
SAN FRANCISCO,5,277,2000-10-03,17.203333333333333,21.946666666666665,12.933333333333334
SAN FRANCISCO,5,278,2000-10-04,17.368333333333332,22.553333333333335,12.763333333333332
SAN FRANCISCO,5,279,2000-10-05,17.43166666666667,22.863333333333333,12.786666666666667
SAN FRANCISCO,5,280,2000-10-06,17.66,23.43,12.273333333333333
SAN FRANCISCO,5,281,2000-10-07,17.871666666666666,23.80666666666667,12.629999999999999
SAN FRANCISCO,5,282,2000-10-08,17.691666666666666,23.223333333333336,12.536666666666667
SAN FRANCISCO,5,283,2000-10-09,17.383333333333333,22.19333333333333,12.803333333333335
SAN FRANCISCO,5,284,2000-10-10,16.75166666666667,21.8,12.223333333333333
SAN FRANCISCO,5,285,2000-10-11,17.288333333333334,23.053333333333335,12.22
SAN FRANCISCO,5,286,2000-10-12,17.83833333333333,23.78666666666667,12.6
SAN FRANCISCO,5,287,2000-10-13,17.716666666666665,23.263333333333332,12.813333333333333
SAN FRANCISCO,5,288,2000-10-14,17.376666666666665,22.333333333333332,12.833333333333334
SAN FRANCISCO,5,289,2000-10-15,17.228333333333335,22.366666666666667,12.493333333333334
SAN FRANCISCO,5,290,2000-10-16,17.293333333333333,22.616666666666667,12.116666666666667
SAN FRANCISCO,5,291,2000-10-17,16.715,21.73,12.073333333333332
SAN FRANCISCO,5,292,2000-10-18,16.52,21.706666666666667,11.916666666666666
SAN FRANCISCO,5,293,2000-10-19,16.258333333333333,21.153333333333332,11.819999999999999
SAN FRANCISCO,5,294,2000-10-20,16.154999999999998,21.39,11.686666666666666
SAN FRANCISCO,5,295,2000-10-21,16.01,21.259999999999998,11.473333333333333
SAN FRANCISCO,5,296,2000-10-22,16.49833333333333,21.59,11.76
SAN FRANCISCO,5,297,2000-10-23,16.758333333333333,21.8,12.153333333333334
SAN FRANCISCO,5,298,2000-10-24,16.821666666666665,21.90666666666667,12.366666666666667
SAN FRANCISCO,5,299,2000-10-25,16.466666666666665,21.509999999999998,11.826666666666666
SAN FRANCISCO,5,300,2000-10-26,16.131666666666668,20.833333333333332,11.603333333333333
SAN FRANCISCO,5,301,2000-10-27,16.105,20.633333333333333,11.65
SAN FRANCISCO,5,302,2000-10-28,15.076666666666666,19.35,11.296666666666665
SAN FRANCISCO,5,303,2000-10-29,15.041666666666666,19.313333333333333,11.1
SAN FRANCISCO,5,304,2000-10-30,14.858333333333333,19.363333333333333,10.553333333333335
SAN FRANCISCO,5,305,2000-10-31,15.388333333333332,20.61,10.8
SAN FRANCISCO,5,306,2000-11-01,15.275,19.90666666666667,10.463333333333333
SAN FRANCISCO,5,307,2000-11-02,14.936666666666667,19.763333333333332,10.503333333333334
SAN FRANCISCO,5,308,2000-11-03,14.778333333333334,19.27,10.256666666666666
SAN FRANCISCO,5,309,2000-11-04,14.245000000000001,18.94333333333333,10.013333333333332
SAN FRANCISCO,5,310,2000-11-05,14.643333333333334,19.063333333333333,10.643333333333334
SAN FRANCISCO,5,311,2000-11-06,14.836666666666668,19.38,10.503333333333334
SAN FRANCISCO,5,312,2000-11-07,14.266666666666667,18.523333333333333,10.403333333333334
SAN FRANCISCO,5,313,2000-11-08,13.775,17.523333333333333,9.916666666666666
SAN FRANCISCO,5,314,2000-11-09,13.593333333333334,17.470000000000002,9.893333333333334
SAN FRANCISCO,5,315,2000-11-10,13.788333333333332,17.833333333333332,9.729999999999999
SAN FRANCISCO,5,316,2000-11-11,13.629999999999999,17.9,9.45
SAN FRANCISCO,5,317,2000-11-12,14.003333333333332,18.21333333333333,9.773333333333333
SAN FRANCISCO,5,318,2000-11-13,13.941666666666666,18.093333333333337,9.866666666666667
SAN FRANCISCO,5,319,2000-11-14,14.006666666666666,17.973333333333336,10.083333333333334
SAN FRANCISCO,5,320,2000-11-15,13.523333333333333,17.540000000000003,9.67
SAN FRANCISCO,5,321,2000-11-16,13.548333333333334,17.37,9.773333333333333
SAN FRANCISCO,5,322,2000-11-17,13.281666666666666,17.206666666666667,9.206666666666667
SAN FRANCISCO,5,323,2000-11-18,12.898333333333333,16.87333333333333,8.906666666666666
SAN FRANCISCO,5,324,2000-11-19,13.065,16.653333333333332,9.406666666666666
SAN FRANCISCO,5,325,2000-11-20,12.965,16.576666666666668,9.503333333333334
SAN FRANCISCO,5,326,2000-11-21,12.998333333333333,16.926666666666666,9.036666666666667
SAN FRANCISCO,5,327,2000-11-22,12.656666666666666,16.44,8.66
SAN FRANCISCO,5,328,2000-11-23,12.168333333333333,16.073333333333334,8.046666666666667
SAN FRANCISCO,5,329,2000-11-24,12.063333333333333,16.056666666666665,8.04
SAN FRANCISCO,5,330,2000-11-25,12.07,15.686666666666667,8.356666666666666
SAN FRANCISCO,5,331,2000-11-26,12.104999999999999,14.943333333333333,8.816666666666666
SAN FRANCISCO,5,332,2000-11-27,11.825,15.503333333333334,8.35
SAN FRANCISCO,5,333,2000-11-28,11.965,15.443333333333333,8.49
SAN FRANCISCO,5,334,2000-11-29,11.648333333333333,15.3,7.873333333333333
SAN FRANCISCO,5,335,2000-11-30,11.731666666666666,15.296666666666665,8.26
SAN FRANCISCO,5,336,2000-12-01,11.8,15.503333333333334,8.08
SAN FRANCISCO,5,337,2000-12-02,11.903333333333332,15.383333333333333,8.203333333333333
SAN FRANCISCO,5,338,2000-12-03,11.188333333333333,14.5,7.739999999999999
SAN FRANCISCO,5,339,2000-12-04,11.313333333333333,14.889999999999999,7.680000000000001
SAN FRANCISCO,5,340,2000-12-05,11.71,14.93,8.523333333333333
SAN FRANCISCO,5,341,2000-12-06,11.28,14.463333333333335,7.826666666666667
SAN FRANCISCO,5,342,2000-12-07,11.04,14.45,7.576666666666667
SAN FRANCISCO,5,343,2000-12-08,11.478333333333333,15.043333333333333,8.086666666666666
SAN FRANCISCO,5,344,2000-12-09,11.675,14.926666666666668,8.316666666666666
SAN FRANCISCO,5,345,2000-12-10,11.666666666666666,15.023333333333333,8.043333333333333
SAN FRANCISCO,5,346,2000-12-11,11.061666666666667,14.086666666666668,7.923333333333333
SAN FRANCISCO,5,347,2000-12-12,11.323333333333332,14.270000000000001,8.21
SAN FRANCISCO,5,348,2000-12-13,11.006666666666666,14.43,7.72
SAN FRANCISCO,5,349,2000-12-14,10.466666666666667,13.84,7.046666666666667
SAN FRANCISCO,5,350,2000-12-15,10.418333333333333,14.013333333333334,6.833333333333333
SAN FRANCISCO,5,351,2000-12-16,10.446666666666665,13.663333333333332,7.140000000000001
SAN FRANCISCO,5,352,2000-12-17,10.821666666666665,14.296666666666669,7.21
SAN FRANCISCO,5,353,2000-12-18,10.481666666666666,13.873333333333333,7.083333333333333
SAN FRANCISCO,5,354,2000-12-19,10.056666666666667,13.483333333333333,6.453333333333333
SAN FRANCISCO,5,355,2000-12-20,10.135,13.610000000000001,6.66
SAN FRANCISCO,5,356,2000-12-21,10.343333333333334,13.59,6.863333333333333
SAN FRANCISCO,5,357,2000-12-22,10.028333333333334,13.520000000000001,6.260000000000001
SAN FRANCISCO,5,358,2000-12-23,10.303333333333335,13.843333333333334,6.623333333333333
SAN FRANCISCO,5,359,2000-12-24,9.586666666666668,12.886666666666667,6.09
SAN FRANCISCO,5,360,2000-12-25,9.736666666666668,13.3,6.02
SAN FRANCISCO,5,361,2000-12-26,10.075,13.243333333333334,6.680000000000001
SAN FRANCISCO,5,362,2000-12-27,9.875,13.093333333333334,6.52
SAN FRANCISCO,5,363,2000-12-28,10.086666666666668,13.316666666666666,6.716666666666667
SAN FRANCISCO,5,364,2000-12-29,10.276666666666667,13.446666666666665,7.1066666666666665
SAN FRANCISCO,5,365,2000-12-30,10.25,13.316666666666666,6.883333333333334
SAN FRANCISCO,5,366,2000-12-31,10.79375,13.4125,7.7875
SEATTLE,6,1,2000-01-01,5.33,8.04,2.5900000000000003
SEATTLE,6,2,2000-01-02,4.641666666666667,7.926666666666667,2.1599999999999997
SEATTLE,6,3,2000-01-03,5.005,8.066666666666666,2.0766666666666667
SEATTLE,6,4,2000-01-04,4.881666666666666,7.613333333333333,2.0866666666666664
SEATTLE,6,5,2000-01-05,4.5616666666666665,7.236666666666666,2.1
SEATTLE,6,6,2000-01-06,5.0,7.796666666666667,2.086666666666667
SEATTLE,6,7,2000-01-07,5.930000000000001,8.483333333333333,3.2633333333333336
SEATTLE,6,8,2000-01-08,5.7716666666666665,8.483333333333333,3.03
SEATTLE,6,9,2000-01-09,5.778333333333333,8.45,3.2066666666666666
SEATTLE,6,10,2000-01-10,5.531666666666666,7.903333333333333,3.2866666666666666
SEATTLE,6,11,2000-01-11,5.27,7.9,2.716666666666667
SEATTLE,6,12,2000-01-12,5.326666666666667,7.906666666666666,2.566666666666667
SEATTLE,6,13,2000-01-13,5.5183333333333335,8.163333333333334,2.783333333333333
SEATTLE,6,14,2000-01-14,5.081666666666666,7.6866666666666665,2.5133333333333336
SEATTLE,6,15,2000-01-15,4.7283333333333335,7.843333333333334,1.8466666666666667
SEATTLE,6,16,2000-01-16,5.03,7.746666666666667,2.3033333333333332
SEATTLE,6,17,2000-01-17,5.5633333333333335,8.273333333333333,2.93
SEATTLE,6,18,2000-01-18,5.9766666666666675,8.806666666666667,3.32
SEATTLE,6,19,2000-01-19,5.85,8.206666666666667,3.3333333333333335
SEATTLE,6,20,2000-01-20,5.891666666666667,8.65,3.0766666666666667
SEATTLE,6,21,2000-01-21,5.835,8.473333333333334,3.143333333333333
SEATTLE,6,22,2000-01-22,5.923333333333333,8.57,3.2733333333333334
SEATTLE,6,23,2000-01-23,6.611666666666666,9.073333333333332,4.180000000000001
SEATTLE,6,24,2000-01-24,6.426666666666667,9.426666666666668,3.3800000000000003
SEATTLE,6,25,2000-01-25,5.791666666666667,8.99,2.76
SEATTLE,6,26,2000-01-26,5.64,8.623333333333333,2.77
SEATTLE,6,27,2000-01-27,5.638333333333334,8.443333333333333,2.69
SEATTLE,6,28,2000-01-28,6.114999999999999,9.433333333333334,3.183333333333333
SEATTLE,6,29,2000-01-29,6.486666666666666,9.32,3.54
SEATTLE,6,30,2000-01-30,6.316666666666666,9.020000000000001,3.43
SEATTLE,6,31,2000-01-31,6.305000000000001,9.286666666666667,3.5
SEATTLE,6,32,2000-02-01,6.41,9.216666666666667,3.2933333333333334
SEATTLE,6,33,2000-02-02,6.069999999999999,9.31,2.81
SEATTLE,6,34,2000-02-03,6.308333333333334,9.326666666666666,2.966666666666667
SEATTLE,6,35,2000-02-04,6.88,10.416666666666666,3.3333333333333335
SEATTLE,6,36,2000-02-05,5.926666666666667,9.123333333333333,2.686666666666667
SEATTLE,6,37,2000-02-06,6.376666666666666,9.360000000000001,3.2666666666666666
SEATTLE,6,38,2000-02-07,6.256666666666666,9.333333333333334,3.2700000000000005
SEATTLE,6,39,2000-02-08,5.95,9.113333333333333,2.856666666666667
SEATTLE,6,40,2000-02-09,5.84,9.236666666666668,2.46
SEATTLE,6,41,2000-02-10,5.86,9.476666666666667,2.1533333333333333
SEATTLE,6,42,2000-02-11,6.526666666666667,10.176666666666668,3.006666666666667
SEATTLE,6,43,2000-02-12,6.953333333333333,10.496666666666666,3.5266666666666664
SEATTLE,6,44,2000-02-13,6.383333333333334,9.703333333333335,3.01
SEATTLE,6,45,2000-02-14,6.366666666666666,9.610000000000001,3.1533333333333333
SEATTLE,6,46,2000-02-15,6.638333333333334,10.033333333333333,3.3333333333333335
SEATTLE,6,47,2000-02-16,6.696666666666667,9.793333333333333,3.6266666666666665
SEATTLE,6,48,2000-02-17,6.59,9.879999999999999,3.3266666666666667
SEATTLE,6,49,2000-02-18,6.37,9.59,2.9366666666666665
SEATTLE,6,50,2000-02-19,6.12,9.323333333333332,2.8733333333333335
SEATTLE,6,51,2000-02-20,6.198333333333333,9.703333333333335,2.7233333333333336
SEATTLE,6,52,2000-02-21,6.444999999999999,9.83,2.9
SEATTLE,6,53,2000-02-22,6.423333333333333,9.796666666666665,2.8233333333333333
SEATTLE,6,54,2000-02-23,5.461666666666667,9.16,1.8966666666666667
SEATTLE,6,55,2000-02-24,5.776666666666667,9.1,2.5366666666666666
SEATTLE,6,56,2000-02-25,5.711666666666667,9.553333333333335,1.9466666666666665
SEATTLE,6,57,2000-02-26,5.761666666666667,9.436666666666667,2.08
SEATTLE,6,58,2000-02-27,6.328333333333333,10.25,2.4733333333333336
SEATTLE,6,59,2000-02-28,6.873333333333333,10.546666666666665,3.106666666666667
SEATTLE,6,60,2000-02-29,7.173333333333333,10.389999999999999,3.89
SEATTLE,6,61,2000-03-01,6.7683333333333335,10.443333333333333,3.25
SEATTLE,6,62,2000-03-02,6.998333333333333,11.003333333333334,3.07
SEATTLE,6,63,2000-03-03,7.036666666666666,10.556666666666667,3.6633333333333336
SEATTLE,6,64,2000-03-04,7.128333333333333,10.456666666666667,3.8733333333333335
SEATTLE,6,65,2000-03-05,6.9766666666666675,10.843333333333334,3.2933333333333334
SEATTLE,6,66,2000-03-06,6.805000000000001,10.753333333333334,2.9099999999999997
SEATTLE,6,67,2000-03-07,6.726666666666666,10.116666666666667,3.33
SEATTLE,6,68,2000-03-08,7.495,11.516666666666667,3.8033333333333337
SEATTLE,6,69,2000-03-09,7.883333333333334,11.49,4.483333333333333
SEATTLE,6,70,2000-03-10,8.361666666666666,12.360000000000001,4.41
SEATTLE,6,71,2000-03-11,8.435,12.356666666666666,4.67
SEATTLE,6,72,2000-03-12,8.565,12.126666666666667,4.63
SEATTLE,6,73,2000-03-13,8.331666666666667,11.816666666666666,4.723333333333333
SEATTLE,6,74,2000-03-14,7.863333333333333,11.3,4.196666666666667
SEATTLE,6,75,2000-03-15,7.333333333333333,11.016666666666667,3.8
SEATTLE,6,76,2000-03-16,7.5216666666666665,11.253333333333334,3.953333333333333
SEATTLE,6,77,2000-03-17,8.06,12.036666666666667,4.24
SEATTLE,6,78,2000-03-18,8.353333333333333,12.716666666666667,4.2
SEATTLE,6,79,2000-03-19,8.548333333333334,12.92,4.22
SEATTLE,6,80,2000-03-20,8.038333333333334,11.903333333333334,4.0
SEATTLE,6,81,2000-03-21,8.461666666666666,12.393333333333334,4.430000000000001
SEATTLE,6,82,2000-03-22,8.433333333333334,12.860000000000001,4.233333333333333
SEATTLE,6,83,2000-03-23,8.263333333333334,12.353333333333333,4.376666666666667
SEATTLE,6,84,2000-03-24,8.253333333333334,12.32,4.163333333333333
SEATTLE,6,85,2000-03-25,7.833333333333333,11.906666666666666,3.9466666666666663
SEATTLE,6,86,2000-03-26,8.243333333333334,12.366666666666667,4.323333333333333
SEATTLE,6,87,2000-03-27,8.675,12.403333333333334,5.073333333333333
SEATTLE,6,88,2000-03-28,8.848333333333333,13.136666666666667,4.776666666666667
SEATTLE,6,89,2000-03-29,9.608333333333333,13.946666666666665,5.556666666666667
SEATTLE,6,90,2000-03-30,9.241666666666667,13.42,4.986666666666666
SEATTLE,6,91,2000-03-31,8.639999999999999,12.45,4.846666666666667
SEATTLE,6,92,2000-04-01,8.631666666666666,12.85,4.653333333333333
SEATTLE,6,93,2000-04-02,8.686666666666667,12.873333333333333,4.373333333333333
SEATTLE,6,94,2000-04-03,9.586666666666668,13.773333333333333,4.59
SEATTLE,6,95,2000-04-04,9.1,13.163333333333332,5.1033333333333335
SEATTLE,6,96,2000-04-05,9.43,13.576666666666666,5.61
SEATTLE,6,97,2000-04-06,9.373333333333333,13.316666666666666,5.6
SEATTLE,6,98,2000-04-07,9.615,13.853333333333333,5.6466666666666665
SEATTLE,6,99,2000-04-08,9.916666666666666,14.383333333333333,5.6899999999999995
SEATTLE,6,100,2000-04-09,9.683333333333334,13.436666666666667,5.88
SEATTLE,6,101,2000-04-10,9.981666666666666,14.413333333333332,5.376666666666667
SEATTLE,6,102,2000-04-11,9.639999999999999,13.596666666666666,5.8133333333333335
SEATTLE,6,103,2000-04-12,9.525,13.283333333333333,5.543333333333334
SEATTLE,6,104,2000-04-13,8.996666666666666,13.379999999999999,4.963333333333334
SEATTLE,6,105,2000-04-14,9.72,14.463333333333333,5.239999999999999
SEATTLE,6,106,2000-04-15,10.561666666666667,15.18,6.22
SEATTLE,6,107,2000-04-16,10.536666666666667,14.65,6.46
SEATTLE,6,108,2000-04-17,10.620000000000001,15.32,6.276666666666667
SEATTLE,6,109,2000-04-18,11.03,15.313333333333333,6.666666666666667
SEATTLE,6,110,2000-04-19,11.275,16.326666666666668,6.466666666666667
SEATTLE,6,111,2000-04-20,10.983333333333333,15.243333333333334,6.569999999999999
SEATTLE,6,112,2000-04-21,10.766666666666667,15.413333333333332,6.0566666666666675
SEATTLE,6,113,2000-04-22,10.946666666666665,15.443333333333333,6.39
SEATTLE,6,114,2000-04-23,11.243333333333334,15.979999999999999,6.8133333333333335
SEATTLE,6,115,2000-04-24,11.19,15.633333333333333,6.783333333333333
SEATTLE,6,116,2000-04-25,11.475,15.983333333333333,7.1866666666666665
SEATTLE,6,117,2000-04-26,11.756666666666666,16.063333333333333,7.319999999999999
SEATTLE,6,118,2000-04-27,11.421666666666665,15.629999999999999,7.213333333333334
SEATTLE,6,119,2000-04-28,11.471666666666666,16.1,7.13
SEATTLE,6,120,2000-04-29,12.006666666666666,17.033333333333335,7.2
SEATTLE,6,121,2000-04-30,12.073333333333332,16.88,7.256666666666666
SEATTLE,6,122,2000-05-01,11.9,16.56,7.3
SEATTLE,6,123,2000-05-02,12.261666666666667,16.946666666666665,7.760000000000001
SEATTLE,6,124,2000-05-03,12.378333333333334,16.833333333333332,8.016666666666667
SEATTLE,6,125,2000-05-04,12.436666666666667,16.816666666666666,7.863333333333333
SEATTLE,6,126,2000-05-05,12.386666666666667,17.263333333333332,7.926666666666667
SEATTLE,6,127,2000-05-06,12.548333333333334,17.58,7.5600000000000005
SEATTLE,6,128,2000-05-07,12.646666666666667,17.816666666666666,7.59
SEATTLE,6,129,2000-05-08,12.603333333333333,17.596666666666668,7.8066666666666675
SEATTLE,6,130,2000-05-09,13.19,18.316666666666666,8.353333333333333
SEATTLE,6,131,2000-05-10,13.245000000000001,18.0,8.376666666666667
SEATTLE,6,132,2000-05-11,13.211666666666668,18.11,8.376666666666667
SEATTLE,6,133,2000-05-12,13.296666666666665,18.2,8.366666666666667
SEATTLE,6,134,2000-05-13,14.001666666666667,19.1,9.286666666666667
SEATTLE,6,135,2000-05-14,14.43,19.209999999999997,9.406666666666666
SEATTLE,6,136,2000-05-15,13.933333333333334,18.61,9.483333333333333
SEATTLE,6,137,2000-05-16,13.796666666666665,18.56,9.386666666666667
SEATTLE,6,138,2000-05-17,14.44,19.77,9.673333333333334
SEATTLE,6,139,2000-05-18,14.16,19.02,9.43
SEATTLE,6,140,2000-05-19,13.848333333333333,18.4,9.520000000000001
SEATTLE,6,141,2000-05-20,13.57,17.98,9.443333333333333
SEATTLE,6,142,2000-05-21,14.111666666666668,18.68,9.516666666666667
SEATTLE,6,143,2000-05-22,14.55,19.486666666666668,9.67
SEATTLE,6,144,2000-05-23,14.521666666666667,19.386666666666667,9.703333333333335
SEATTLE,6,145,2000-05-24,14.728333333333333,19.683333333333334,9.870000000000001
SEATTLE,6,146,2000-05-25,14.923333333333334,20.2,10.19
SEATTLE,6,147,2000-05-26,14.936666666666667,20.053333333333335,10.113333333333333
SEATTLE,6,148,2000-05-27,14.818333333333333,19.526666666666664,10.276666666666667
SEATTLE,6,149,2000-05-28,14.846666666666666,19.5,10.333333333333334
SEATTLE,6,150,2000-05-29,14.901666666666667,19.753333333333334,10.2
SEATTLE,6,151,2000-05-30,15.129999999999999,20.233333333333334,10.366666666666667
SEATTLE,6,152,2000-05-31,14.998333333333333,19.84,10.520000000000001
SEATTLE,6,153,2000-06-01,15.635,20.626666666666665,10.94
SEATTLE,6,154,2000-06-02,15.568333333333333,20.336666666666666,10.783333333333333
SEATTLE,6,155,2000-06-03,15.520000000000001,20.813333333333333,10.776666666666667
SEATTLE,6,156,2000-06-04,15.826666666666666,20.873333333333335,11.113333333333333
SEATTLE,6,157,2000-06-05,15.458333333333334,20.486666666666668,10.76
SEATTLE,6,158,2000-06-06,15.723333333333333,20.33,11.043333333333333
SEATTLE,6,159,2000-06-07,15.360000000000001,19.916666666666668,10.873333333333333
SEATTLE,6,160,2000-06-08,15.411666666666667,19.966666666666665,10.716666666666667
SEATTLE,6,161,2000-06-09,14.735000000000001,19.17,10.606666666666666
SEATTLE,6,162,2000-06-10,15.003333333333334,20.1,10.346666666666666
SEATTLE,6,163,2000-06-11,15.676666666666668,20.683333333333334,10.883333333333333
SEATTLE,6,164,2000-06-12,15.615,20.073333333333334,11.17
SEATTLE,6,165,2000-06-13,14.888333333333334,18.976666666666667,11.023333333333333
SEATTLE,6,166,2000-06-14,15.028333333333334,19.85,10.536666666666667
SEATTLE,6,167,2000-06-15,15.43,20.490000000000002,10.713333333333333
SEATTLE,6,168,2000-06-16,15.966666666666667,21.05666666666667,11.333333333333334
SEATTLE,6,169,2000-06-17,16.008333333333333,20.653333333333332,11.5
SEATTLE,6,170,2000-06-18,15.996666666666666,21.05,11.433333333333334
SEATTLE,6,171,2000-06-19,16.545,21.826666666666664,11.370000000000001
SEATTLE,6,172,2000-06-20,16.973333333333333,22.44333333333333,11.813333333333333
SEATTLE,6,173,2000-06-21,16.633333333333333,21.81,11.69
SEATTLE,6,174,2000-06-22,16.803333333333335,21.78666666666667,12.04
SEATTLE,6,175,2000-06-23,16.893333333333334,22.016666666666666,12.09
SEATTLE,6,176,2000-06-24,17.65,23.279999999999998,12.343333333333334
SEATTLE,6,177,2000-06-25,17.948333333333334,23.296666666666667,12.623333333333333
SEATTLE,6,178,2000-06-26,17.696666666666665,23.009999999999998,12.54
SEATTLE,6,179,2000-06-27,18.06,23.426666666666666,12.72
SEATTLE,6,180,2000-06-28,17.915000000000003,23.396666666666665,12.886666666666665
SEATTLE,6,181,2000-06-29,18.195,24.0,12.796666666666665
SEATTLE,6,182,2000-06-30,18.125,23.483333333333334,12.906666666666666
SEATTLE,6,183,2000-07-01,17.94333333333333,23.203333333333333,12.673333333333334
SEATTLE,6,184,2000-07-02,17.98166666666667,23.196666666666665,12.836666666666668
SEATTLE,6,185,2000-07-03,17.873333333333335,23.2,12.726666666666667
SEATTLE,6,186,2000-07-04,17.67,22.813333333333333,12.776666666666667
SEATTLE,6,187,2000-07-05,18.261666666666667,23.863333333333333,12.876666666666667
SEATTLE,6,188,2000-07-06,17.918333333333333,23.18,12.773333333333333
SEATTLE,6,189,2000-07-07,18.51833333333333,24.46333333333333,13.05
SEATTLE,6,190,2000-07-08,19.216666666666665,25.133333333333333,13.246666666666666
SEATTLE,6,191,2000-07-09,18.761666666666667,24.003333333333334,13.71
SEATTLE,6,192,2000-07-10,18.553333333333335,24.483333333333334,13.053333333333335
SEATTLE,6,193,2000-07-11,18.703333333333333,24.423333333333336,13.326666666666666
SEATTLE,6,194,2000-07-12,18.93166666666667,24.5,13.51
SEATTLE,6,195,2000-07-13,18.955,24.43,13.776666666666667
SEATTLE,6,196,2000-07-14,19.401666666666664,24.529999999999998,13.953333333333335
SEATTLE,6,197,2000-07-15,19.451666666666664,25.35,13.716666666666667
SEATTLE,6,198,2000-07-16,19.165000000000003,24.413333333333334,13.653333333333334
SEATTLE,6,199,2000-07-17,18.933333333333334,24.703333333333333,13.55
SEATTLE,6,200,2000-07-18,18.98,24.526666666666664,13.6
SEATTLE,6,201,2000-07-19,19.228333333333335,24.68,14.03
SEATTLE,6,202,2000-07-20,19.741666666666667,25.603333333333335,14.206666666666667
SEATTLE,6,203,2000-07-21,20.08,25.75,14.713333333333335
SEATTLE,6,204,2000-07-22,19.698333333333334,25.05666666666667,14.270000000000001
SEATTLE,6,205,2000-07-23,19.278333333333332,24.646666666666665,14.139999999999999
SEATTLE,6,206,2000-07-24,19.615000000000002,25.696666666666665,13.74
SEATTLE,6,207,2000-07-25,19.798333333333336,26.353333333333335,13.623333333333333
SEATTLE,6,208,2000-07-26,20.071666666666665,26.48,13.816666666666666
SEATTLE,6,209,2000-07-27,20.118333333333332,26.34,14.16
SEATTLE,6,210,2000-07-28,20.091666666666665,26.066666666666666,14.213333333333333
SEATTLE,6,211,2000-07-29,20.266666666666666,26.513333333333332,14.176666666666668
SEATTLE,6,212,2000-07-30,19.80666666666667,25.7,13.943333333333333
SEATTLE,6,213,2000-07-31,19.618333333333332,25.553333333333335,13.520000000000001
SEATTLE,6,214,2000-08-01,19.581666666666667,25.496666666666666,13.773333333333333
SEATTLE,6,215,2000-08-02,19.491666666666667,25.496666666666666,14.03
SEATTLE,6,216,2000-08-03,20.084999999999997,26.706666666666667,13.870000000000001
SEATTLE,6,217,2000-08-04,19.87,25.596666666666668,14.16
SEATTLE,6,218,2000-08-05,19.611666666666668,25.163333333333334,14.35
SEATTLE,6,219,2000-08-06,18.771666666666665,24.016666666666666,13.75
SEATTLE,6,220,2000-08-07,18.95,24.35666666666667,13.85
SEATTLE,6,221,2000-08-08,19.275,25.2,13.886666666666667
SEATTLE,6,222,2000-08-09,19.42,24.959999999999997,14.0
SEATTLE,6,223,2000-08-10,19.48,25.166666666666668,14.016666666666667
SEATTLE,6,224,2000-08-11,19.56,25.42,13.736666666666668
SEATTLE,6,225,2000-08-12,20.065,26.25,14.276666666666667
SEATTLE,6,226,2000-08-13,20.35666666666667,26.243333333333332,14.386666666666667
SEATTLE,6,227,2000-08-14,19.616666666666667,25.37,14.07
SEATTLE,6,228,2000-08-15,19.438333333333333,25.033333333333335,14.016666666666667
SEATTLE,6,229,2000-08-16,19.798333333333336,25.970000000000002,14.053333333333335
SEATTLE,6,230,2000-08-17,19.708333333333332,25.736666666666668,13.73
SEATTLE,6,231,2000-08-18,19.45,24.873333333333335,13.983333333333333
SEATTLE,6,232,2000-08-19,19.19333333333333,24.776666666666664,13.69
SEATTLE,6,233,2000-08-20,19.223333333333336,24.396666666666665,14.129999999999999
SEATTLE,6,234,2000-08-21,18.748333333333335,23.823333333333334,13.476666666666667
SEATTLE,6,235,2000-08-22,18.133333333333333,23.23,13.183333333333334
SEATTLE,6,236,2000-08-23,18.478333333333335,24.259999999999998,12.923333333333334
SEATTLE,6,237,2000-08-24,18.55,24.09,13.043333333333333
SEATTLE,6,238,2000-08-25,18.78166666666667,24.64333333333333,13.24
SEATTLE,6,239,2000-08-26,19.313333333333333,25.33,13.75
SEATTLE,6,240,2000-08-27,19.206666666666667,24.43,13.796666666666665
SEATTLE,6,241,2000-08-28,18.625,23.526666666666664,13.416666666666666
SEATTLE,6,242,2000-08-29,18.413333333333334,23.636666666666667,13.373333333333333
SEATTLE,6,243,2000-08-30,17.858333333333334,22.62,13.246666666666666
SEATTLE,6,244,2000-08-31,17.938333333333333,23.233333333333334,13.076666666666666
SEATTLE,6,245,2000-09-01,18.416666666666668,24.10666666666667,12.806666666666667
SEATTLE,6,246,2000-09-02,18.158333333333335,23.779999999999998,12.78
SEATTLE,6,247,2000-09-03,17.755,23.153333333333332,12.610000000000001
SEATTLE,6,248,2000-09-04,17.69,23.183333333333334,12.389999999999999
SEATTLE,6,249,2000-09-05,17.25,22.540000000000003,12.166666666666666
SEATTLE,6,250,2000-09-06,17.418333333333333,22.38,12.626666666666667
SEATTLE,6,251,2000-09-07,17.395,22.55666666666667,12.53
SEATTLE,6,252,2000-09-08,17.616666666666667,22.663333333333334,12.866666666666667
SEATTLE,6,253,2000-09-09,17.53166666666667,22.91,12.5
SEATTLE,6,254,2000-09-10,17.705,23.553333333333335,12.263333333333332
SEATTLE,6,255,2000-09-11,17.496666666666666,22.626666666666665,12.3
SEATTLE,6,256,2000-09-12,16.891666666666666,22.02,11.58
SEATTLE,6,257,2000-09-13,16.775,21.676666666666666,12.063333333333333
SEATTLE,6,258,2000-09-14,16.568333333333335,21.236666666666668,11.873333333333333
SEATTLE,6,259,2000-09-15,15.998333333333333,20.243333333333332,12.006666666666666
SEATTLE,6,260,2000-09-16,16.00166666666667,20.12,11.816666666666666
SEATTLE,6,261,2000-09-17,16.233333333333334,20.84,11.85
SEATTLE,6,262,2000-09-18,15.68,20.3,11.443333333333333
SEATTLE,6,263,2000-09-19,15.514999999999999,19.946666666666665,11.236666666666668
SEATTLE,6,264,2000-09-20,15.603333333333333,20.456666666666667,11.066666666666666
SEATTLE,6,265,2000-09-21,16.265,21.366666666666667,11.186666666666667
SEATTLE,6,266,2000-09-22,15.786666666666667,20.52,11.03
SEATTLE,6,267,2000-09-23,15.286666666666667,20.086666666666666,10.653333333333334
SEATTLE,6,268,2000-09-24,15.536666666666667,20.053333333333335,11.07
SEATTLE,6,269,2000-09-25,15.32,20.34333333333333,10.67
SEATTLE,6,270,2000-09-26,15.413333333333332,20.376666666666665,10.536666666666667
SEATTLE,6,271,2000-09-27,15.576666666666666,21.003333333333334,10.423333333333334
SEATTLE,6,272,2000-09-28,15.254999999999999,19.826666666666664,10.57
SEATTLE,6,273,2000-09-29,14.663333333333332,18.876666666666665,10.643333333333334
SEATTLE,6,274,2000-09-30,14.055,18.673333333333336,9.67
SEATTLE,6,275,2000-10-01,13.616666666666667,17.78666666666667,9.34
SEATTLE,6,276,2000-10-02,13.276666666666667,17.53666666666667,9.316666666666666
SEATTLE,6,277,2000-10-03,13.423333333333334,17.4,9.55
SEATTLE,6,278,2000-10-04,13.18,17.616666666666667,9.033333333333333
SEATTLE,6,279,2000-10-05,13.391666666666667,17.903333333333332,9.276666666666667
SEATTLE,6,280,2000-10-06,13.635,17.426666666666666,9.883333333333333
SEATTLE,6,281,2000-10-07,13.21,17.003333333333334,9.34
SEATTLE,6,282,2000-10-08,12.945,16.763333333333332,9.26
SEATTLE,6,283,2000-10-09,12.216666666666667,15.95,8.546666666666665
SEATTLE,6,284,2000-10-10,12.078333333333335,16.02,8.206666666666667
SEATTLE,6,285,2000-10-11,11.825,15.536666666666667,8.24
SEATTLE,6,286,2000-10-12,12.271666666666667,16.26,8.333333333333334
SEATTLE,6,287,2000-10-13,12.243333333333334,15.933333333333334,8.666666666666666
SEATTLE,6,288,2000-10-14,11.915,15.963333333333335,8.123333333333333
SEATTLE,6,289,2000-10-15,11.456666666666667,15.370000000000001,7.8533333333333335
SEATTLE,6,290,2000-10-16,11.783333333333333,15.313333333333333,8.223333333333333
SEATTLE,6,291,2000-10-17,11.556666666666667,14.996666666666666,8.253333333333334
SEATTLE,6,292,2000-10-18,11.771666666666667,15.31,8.326666666666666
SEATTLE,6,293,2000-10-19,11.358333333333333,14.566666666666666,7.903333333333333
SEATTLE,6,294,2000-10-20,11.328333333333335,14.866666666666667,8.126666666666667
SEATTLE,6,295,2000-10-21,11.211666666666668,14.486666666666668,7.739999999999999
SEATTLE,6,296,2000-10-22,10.525,14.086666666666668,7.013333333333334
SEATTLE,6,297,2000-10-23,10.2,13.96,6.796666666666667
SEATTLE,6,298,2000-10-24,9.995000000000001,13.35,6.739999999999999
SEATTLE,6,299,2000-10-25,9.963333333333333,12.796666666666665,6.953333333333333
SEATTLE,6,300,2000-10-26,9.478333333333333,13.26,5.98
SEATTLE,6,301,2000-10-27,9.828333333333335,13.146666666666667,6.6433333333333335
SEATTLE,6,302,2000-10-28,9.556666666666667,12.726666666666667,6.446666666666667
SEATTLE,6,303,2000-10-29,9.805,13.093333333333334,6.41
SEATTLE,6,304,2000-10-30,9.351666666666667,12.166666666666666,6.333333333333333
SEATTLE,6,305,2000-10-31,9.205,12.54,5.87
SEATTLE,6,306,2000-11-01,9.013333333333332,12.55,5.38
SEATTLE,6,307,2000-11-02,9.098333333333333,12.57,5.596666666666667
SEATTLE,6,308,2000-11-03,8.756666666666666,12.17,5.413333333333333
SEATTLE,6,309,2000-11-04,9.156666666666666,12.463333333333333,6.0
SEATTLE,6,310,2000-11-05,8.878333333333334,11.793333333333333,5.986666666666666
SEATTLE,6,311,2000-11-06,9.07,12.236666666666668,5.733333333333333
SEATTLE,6,312,2000-11-07,9.110000000000001,12.303333333333335,5.89
SEATTLE,6,313,2000-11-08,8.841666666666667,11.756666666666666,5.786666666666666
SEATTLE,6,314,2000-11-09,8.538333333333332,11.54,5.46
SEATTLE,6,315,2000-11-10,8.138333333333334,11.2,4.996666666666667
SEATTLE,6,316,2000-11-11,8.053333333333333,11.016666666666667,5.276666666666667
SEATTLE,6,317,2000-11-12,8.716666666666667,11.363333333333333,5.786666666666666
SEATTLE,6,318,2000-11-13,8.5,11.416666666666666,5.383333333333334
SEATTLE,6,319,2000-11-14,8.435,11.503333333333334,5.406666666666666
SEATTLE,6,320,2000-11-15,8.198333333333332,10.876666666666667,5.38
SEATTLE,6,321,2000-11-16,7.626666666666667,10.49,4.953333333333333
SEATTLE,6,322,2000-11-17,7.35,10.443333333333333,4.29
SEATTLE,6,323,2000-11-18,7.616666666666666,10.383333333333333,4.66
SEATTLE,6,324,2000-11-19,6.915,10.04,3.8033333333333332
SEATTLE,6,325,2000-11-20,6.383333333333334,9.603333333333333,3.29
SEATTLE,6,326,2000-11-21,6.076666666666667,8.826666666666666,3.4433333333333334
SEATTLE,6,327,2000-11-22,6.075,8.76,3.0966666666666667
SEATTLE,6,328,2000-11-23,5.778333333333333,8.576666666666666,2.9366666666666665
SEATTLE,6,329,2000-11-24,6.4366666666666665,9.356666666666666,3.5133333333333336
SEATTLE,6,330,2000-11-25,6.444999999999999,9.516666666666667,3.646666666666667
SEATTLE,6,331,2000-11-26,6.53,9.383333333333333,3.603333333333333
SEATTLE,6,332,2000-11-27,6.213333333333334,9.01,3.1933333333333334
SEATTLE,6,333,2000-11-28,5.886666666666667,8.45,2.93
SEATTLE,6,334,2000-11-29,5.506666666666666,8.133333333333333,3.0300000000000002
SEATTLE,6,335,2000-11-30,6.28,8.776666666666667,3.7366666666666664
SEATTLE,6,336,2000-12-01,5.705,8.363333333333333,2.93
SEATTLE,6,337,2000-12-02,5.763333333333334,8.823333333333332,3.1166666666666667
SEATTLE,6,338,2000-12-03,4.428333333333333,7.989999999999999,2.39
SEATTLE,6,339,2000-12-04,5.381666666666666,8.426666666666668,2.3833333333333333
SEATTLE,6,340,2000-12-05,4.725,7.703333333333333,1.9266666666666665
SEATTLE,6,341,2000-12-06,5.21,7.633333333333334,2.7266666666666666
SEATTLE,6,342,2000-12-07,4.953333333333333,7.62,2.5233333333333334
SEATTLE,6,343,2000-12-08,4.953333333333333,7.58,2.2
SEATTLE,6,344,2000-12-09,5.665,8.28,3.1199999999999997
SEATTLE,6,345,2000-12-10,5.953333333333333,8.49,3.4566666666666666
SEATTLE,6,346,2000-12-11,5.983333333333333,8.49,3.1966666666666668
SEATTLE,6,347,2000-12-12,5.67,8.223333333333333,3.0766666666666667
SEATTLE,6,348,2000-12-13,5.541666666666667,8.16,2.7266666666666666
SEATTLE,6,349,2000-12-14,5.411666666666666,7.92,3.04
SEATTLE,6,350,2000-12-15,5.611666666666666,8.09,3.003333333333333
SEATTLE,6,351,2000-12-16,5.276666666666667,7.923333333333334,2.57
SEATTLE,6,352,2000-12-17,5.223333333333333,7.663333333333333,2.5433333333333334
SEATTLE,6,353,2000-12-18,4.85,7.636666666666667,2.283333333333333
SEATTLE,6,354,2000-12-19,5.2283333333333335,8.05,2.5933333333333333
SEATTLE,6,355,2000-12-20,5.1033333333333335,7.71,2.4066666666666663
SEATTLE,6,356,2000-12-21,4.803333333333333,7.48,1.9666666666666666
SEATTLE,6,357,2000-12-22,4.9399999999999995,7.5,2.1333333333333333
SEATTLE,6,358,2000-12-23,4.8533333333333335,7.333333333333333,2.08
SEATTLE,6,359,2000-12-24,4.510000000000001,7.166666666666667,1.8099999999999998
SEATTLE,6,360,2000-12-25,4.161666666666666,6.5633333333333335,1.7466666666666666
SEATTLE,6,361,2000-12-26,4.918333333333334,7.703333333333333,2.506666666666667
SEATTLE,6,362,2000-12-27,5.591666666666667,8.16,3.0300000000000002
SEATTLE,6,363,2000-12-28,5.008333333333334,7.556666666666667,2.36
SEATTLE,6,364,2000-12-29,4.87,7.48,2.07
SEATTLE,6,365,2000-12-30,5.069999999999999,7.573333333333333,2.5
SEATTLE,6,366,2000-12-31,4.4875,6.725,2.2375
DENVER,7,1,2000-01-01,-2.7560000000000002,3.7680000000000002,-9.267999999999999
DENVER,7,2,2000-01-02,-1.55,6.4,-8.8
DENVER,7,3,2000-01-03,-0.49800000000000005,7.128000000000001,-7.5
DENVER,7,4,2000-01-04,-1.176,6.268,-8.652000000000001
DENVER,7,5,2000-01-05,-1.886,4.648,-8.932
DENVER,7,6,2000-01-06,-2.008,6.1160000000000005,-9.564
DENVER,7,7,2000-01-07,-0.36399999999999993,6.744,-7.704
DENVER,7,8,2000-01-08,1.3780000000000001,8.868,-5.9239999999999995
DENVER,7,9,2000-01-09,0.5359999999999999,7.5,-6.504
DENVER,7,10,2000-01-10,0.20599999999999988,6.824,-7.0120000000000005
DENVER,7,11,2000-01-11,-0.552,7.5,-8.244
DENVER,7,12,2000-01-12,-2.188,4.4319999999999995,-9.376
DENVER,7,13,2000-01-13,-1.732,5.672000000000001,-8.564
DENVER,7,14,2000-01-14,-0.14399999999999996,7.247999999999999,-7.4879999999999995
DENVER,7,15,2000-01-15,0.23400000000000012,7.376,-7.4079999999999995
DENVER,7,16,2000-01-16,-1.642,4.92,-8.112
DENVER,7,17,2000-01-17,-0.606,7.652,-8.088
DENVER,7,18,2000-01-18,1.214,9.068,-6.352
DENVER,7,19,2000-01-19,2.156,10.148000000000001,-5.692
DENVER,7,20,2000-01-20,1.82,8.708,-5.416
DENVER,7,21,2000-01-21,1.008,7.96,-5.816
DENVER,7,22,2000-01-22,-0.5379999999999999,6.803999999999999,-7.9079999999999995
DENVER,7,23,2000-01-23,-0.11800000000000005,7.164,-7.4
DENVER,7,24,2000-01-24,0.316,7.688,-6.864
DENVER,7,25,2000-01-25,0.3440000000000001,7.044,-6.58
DENVER,7,26,2000-01-26,0.89,8.076,-6.704
DENVER,7,27,2000-01-27,0.5499999999999999,7.64,-6.484
DENVER,7,28,2000-01-28,0.37199999999999994,7.4879999999999995,-7.08
DENVER,7,29,2000-01-29,-0.694,6.448,-7.1160000000000005
DENVER,7,30,2000-01-30,0.816,7.968,-5.9879999999999995
DENVER,7,31,2000-01-31,-0.3940000000000001,5.82,-7.0120000000000005
DENVER,7,32,2000-02-01,-1.5699999999999996,4.5280000000000005,-8.584
DENVER,7,33,2000-02-02,-2.002,5.656000000000001,-9.116
DENVER,7,34,2000-02-03,-1.18,6.08,-7.827999999999999
DENVER,7,35,2000-02-04,-1.1700000000000002,6.456,-9.156
DENVER,7,36,2000-02-05,-1.182,6.52,-7.88
DENVER,7,37,2000-02-06,-0.5079999999999999,6.188,-6.972
DENVER,7,38,2000-02-07,-1.0288461538461535,6.52,-8.26923076923077
DENVER,7,39,2000-02-08,-0.35,6.772,-7.432
DENVER,7,40,2000-02-09,-0.45799999999999996,6.9,-7.712000000000001
DENVER,7,41,2000-02-10,-0.958,6.832000000000001,-8.347999999999999
DENVER,7,42,2000-02-11,-1.454,5.76,-8.792
DENVER,7,43,2000-02-12,-0.58,6.803999999999999,-7.712000000000001
DENVER,7,44,2000-02-13,2.32,10.404000000000002,-5.04
DENVER,7,45,2000-02-14,1.7839999999999998,9.168,-5.672000000000001
DENVER,7,46,2000-02-15,0.3360000000000001,7.436,-7.06
DENVER,7,47,2000-02-16,1.68,9.64,-5.96
DENVER,7,48,2000-02-17,1.7839999999999998,9.252,-5.896
DENVER,7,49,2000-02-18,1.628,8.783999999999999,-5.624
DENVER,7,50,2000-02-19,1.32,8.24,-6.112
DENVER,7,51,2000-02-20,0.5,7.5120000000000005,-7.084
DENVER,7,52,2000-02-21,0.7380000000000001,7.644,-6.496
DENVER,7,53,2000-02-22,1.574,8.104,-5.263999999999999
DENVER,7,54,2000-02-23,0.66,7.336,-5.732
DENVER,7,55,2000-02-24,0.688,7.836,-6.456
DENVER,7,56,2000-02-25,-0.546,6.672000000000001,-8.016
DENVER,7,57,2000-02-26,-0.9239999999999999,6.932,-8.06
DENVER,7,58,2000-02-27,0.3339999999999999,8.02,-7.372000000000001
DENVER,7,59,2000-02-28,0.5961538461538461,7.468,-6.023076923076923
DENVER,7,60,2000-02-29,0.8057692307692309,8.034615384615385,-6.492307692307692
DENVER,7,61,2000-03-01,1.0538461538461539,8.426923076923076,-6.426923076923076
DENVER,7,62,2000-03-02,2.5730769230769233,10.792307692307691,-5.300000000000001
DENVER,7,63,2000-03-03,2.411538461538462,10.438461538461537,-5.903846153846154
DENVER,7,64,2000-03-04,3.0096153846153846,11.561538461538463,-5.342307692307693
DENVER,7,65,2000-03-05,4.115384615384615,11.923076923076923,-3.8846153846153846
DENVER,7,66,2000-03-06,3.3365384615384617,11.496153846153845,-4.569230769230769
DENVER,7,67,2000-03-07,3.569230769230769,11.265384615384615,-4.042307692307692
DENVER,7,68,2000-03-08,4.8730769230769235,13.21923076923077,-3.623076923076923
DENVER,7,69,2000-03-09,4.980769230769231,12.819230769230769,-2.9269230769230767
DENVER,7,70,2000-03-10,5.257692307692308,13.203846153846154,-2.9076923076923076
DENVER,7,71,2000-03-11,5.9,14.399999999999999,-1.8000000000000003
DENVER,7,72,2000-03-12,6.032692307692307,13.692307692307692,-2.073076923076923
DENVER,7,73,2000-03-13,5.926923076923076,13.680769230769231,-2.253846153846154
DENVER,7,74,2000-03-14,6.265384615384615,14.13846153846154,-1.5076923076923079
DENVER,7,75,2000-03-15,6.871153846153846,15.007692307692308,-1.0307692307692309
DENVER,7,76,2000-03-16,6.798076923076923,14.442307692307692,-0.7576923076923078
DENVER,7,77,2000-03-17,5.475,12.323076923076922,-1.3692307692307693
DENVER,7,78,2000-03-18,5.161538461538461,12.211538461538462,-2.1846153846153844
DENVER,7,79,2000-03-19,5.953846153846154,14.080769230769231,-2.253846153846154
DENVER,7,80,2000-03-20,5.851923076923077,14.13076923076923,-2.411538461538462
DENVER,7,81,2000-03-21,6.480769230769231,14.473076923076924,-1.2076923076923078
DENVER,7,82,2000-03-22,6.9,15.107692307692307,-1.3346153846153848
DENVER,7,83,2000-03-23,4.938461538461539,11.665384615384616,-2.5923076923076924
DENVER,7,84,2000-03-24,4.415384615384616,12.011538461538462,-3.1538461538461537
DENVER,7,85,2000-03-25,6.128846153846154,13.696153846153846,-1.2307692307692306
DENVER,7,86,2000-03-26,6.663461538461538,14.523076923076925,-1.0961538461538463
DENVER,7,87,2000-03-27,6.31923076923077,13.873076923076923,-1.6153846153846154
DENVER,7,88,2000-03-28,5.68076923076923,13.13846153846154,-1.5653846153846156
DENVER,7,89,2000-03-29,6.686538461538461,15.01923076923077,-1.4499999999999997
DENVER,7,90,2000-03-30,7.188461538461539,14.930769230769231,-1.1615384615384616
DENVER,7,91,2000-03-31,7.374,15.664000000000001,-0.8440000000000001
DENVER,7,92,2000-04-01,6.782,14.564,-0.92
DENVER,7,93,2000-04-02,6.422000000000001,13.948,-1.496
DENVER,7,94,2000-04-03,5.327999999999999,12.847999999999999,-1.76
DENVER,7,95,2000-04-04,8.442,16.472,0.6839999999999999
DENVER,7,96,2000-04-05,7.99,15.395999999999999,0.12799999999999995
DENVER,7,97,2000-04-06,8.406,16.94,0.19200000000000003
DENVER,7,98,2000-04-07,9.096,17.444000000000003,0.48399999999999993
DENVER,7,99,2000-04-08,9.372,17.916,0.428
DENVER,7,100,2000-04-09,7.542000000000001,14.84,-0.2839999999999999
DENVER,7,101,2000-04-10,7.678,15.56,-0.07200000000000013
DENVER,7,102,2000-04-11,8.616,16.248,0.584
DENVER,7,103,2000-04-12,8.25,15.796,-0.14399999999999996
DENVER,7,104,2000-04-13,8.78,17.004,0.9479999999999998
DENVER,7,105,2000-04-14,9.538,17.632,1.4120000000000001
DENVER,7,106,2000-04-15,7.821999999999999,14.332,0.5479999999999999
DENVER,7,107,2000-04-16,8.597999999999999,16.156,0.42800000000000005
DENVER,7,108,2000-04-17,9.294,17.716,1.1840000000000002
DENVER,7,109,2000-04-18,9.666,17.24,2.128
DENVER,7,110,2000-04-19,9.006,16.272000000000002,1.584
DENVER,7,111,2000-04-20,9.208,16.54,1.696
DENVER,7,112,2000-04-21,9.032,16.604,2.0
DENVER,7,113,2000-04-22,9.954,18.152,2.112
DENVER,7,114,2000-04-23,9.17,15.312000000000001,2.488
DENVER,7,115,2000-04-24,9.937999999999999,17.06,2.448
DENVER,7,116,2000-04-25,9.436,17.2,1.656
DENVER,7,117,2000-04-26,10.18,17.776,1.952
DENVER,7,118,2000-04-27,10.838,19.268,2.532
DENVER,7,119,2000-04-28,9.806000000000001,16.244,2.9
DENVER,7,120,2000-04-29,9.242,16.227999999999998,2.472
DENVER,7,121,2000-04-30,8.85,15.107999999999999,2.536
DENVER,7,122,2000-05-01,9.454,16.468,2.7039999999999997
DENVER,7,123,2000-05-02,10.892000000000001,18.24,3.64
DENVER,7,124,2000-05-03,11.888,19.848,4.308
DENVER,7,125,2000-05-04,13.238,20.912,5.263999999999999
DENVER,7,126,2000-05-05,14.274000000000001,22.668000000000003,5.952000000000001
DENVER,7,127,2000-05-06,13.687999999999999,21.184,5.716
DENVER,7,128,2000-05-07,12.58,18.887999999999998,5.372000000000001
DENVER,7,129,2000-05-08,11.332,19.048,3.6559999999999997
DENVER,7,130,2000-05-09,11.86,19.472,4.492
DENVER,7,131,2000-05-10,11.01,18.296,3.628
DENVER,7,132,2000-05-11,11.332,19.444000000000003,4.0
DENVER,7,133,2000-05-12,12.882,21.144000000000002,5.132000000000001
DENVER,7,134,2000-05-13,12.292,20.192,4.284
DENVER,7,135,2000-05-14,13.792,21.828000000000003,5.768
DENVER,7,136,2000-05-15,14.595999999999998,22.38,6.856
DENVER,7,137,2000-05-16,15.048,22.908,7.212000000000001
DENVER,7,138,2000-05-17,14.648,22.151999999999997,6.984
DENVER,7,139,2000-05-18,14.564,21.608,7.468
DENVER,7,140,2000-05-19,14.136,21.804000000000002,6.572
DENVER,7,141,2000-05-20,15.258,23.191999999999997,7.636
DENVER,7,142,2000-05-21,15.412,23.471999999999998,7.648000000000001
DENVER,7,143,2000-05-22,14.698000000000002,22.244,7.148
DENVER,7,144,2000-05-23,14.308,21.984,6.756
DENVER,7,145,2000-05-24,14.216000000000001,21.248,7.0
DENVER,7,146,2000-05-25,14.94,22.616,7.803999999999999
DENVER,7,147,2000-05-26,15.864,23.344,8.443999999999999
DENVER,7,148,2000-05-27,16.014,23.6,8.356
DENVER,7,149,2000-05-28,16.122,23.671999999999997,8.764
DENVER,7,150,2000-05-29,16.54,24.311999999999998,8.8
DENVER,7,151,2000-05-30,17.305999999999997,26.011999999999997,8.756
DENVER,7,152,2000-05-31,18.334,26.708,9.863999999999999
DENVER,7,153,2000-06-01,18.302,26.772,9.828
DENVER,7,154,2000-06-02,17.362000000000002,25.0,9.604
DENVER,7,155,2000-06-03,17.53,25.604,9.552
DENVER,7,156,2000-06-04,18.372,26.215999999999998,10.332
DENVER,7,157,2000-06-05,19.282,27.76,10.792
DENVER,7,158,2000-06-06,19.348,27.804000000000002,10.575999999999999
DENVER,7,159,2000-06-07,18.55,27.16,9.952
DENVER,7,160,2000-06-08,18.866,26.864,10.86
DENVER,7,161,2000-06-09,18.69,26.984,10.664000000000001
DENVER,7,162,2000-06-10,19.008,27.156,10.228
DENVER,7,163,2000-06-11,17.74,26.044,10.168
DENVER,7,164,2000-06-12,18.708,26.64,10.52
DENVER,7,165,2000-06-13,19.498,27.788,10.672
DENVER,7,166,2000-06-14,19.342,27.864,10.808
DENVER,7,167,2000-06-15,20.362000000000002,28.704,11.912
DENVER,7,168,2000-06-16,19.282,26.864,11.172
DENVER,7,169,2000-06-17,20.044,28.248,11.68
DENVER,7,170,2000-06-18,20.561999999999998,29.18,12.136
DENVER,7,171,2000-06-19,20.79,28.912,12.644
DENVER,7,172,2000-06-20,21.028000000000002,29.108,12.524000000000001
DENVER,7,173,2000-06-21,20.57,29.008000000000003,11.84
DENVER,7,174,2000-06-22,20.851999999999997,29.432,12.18
DENVER,7,175,2000-06-23,21.061999999999998,29.695999999999998,12.572000000000001
DENVER,7,176,2000-06-24,21.851999999999997,30.636,13.208
DENVER,7,177,2000-06-25,22.006,31.108,13.148
DENVER,7,178,2000-06-26,22.4,30.868000000000002,13.888
DENVER,7,179,2000-06-27,22.266,31.308000000000003,13.22
DENVER,7,180,2000-06-28,22.764,31.068,14.224
DENVER,7,181,2000-06-29,22.676,31.555999999999997,13.612
DENVER,7,182,2000-06-30,22.612,31.568,13.735999999999999
DENVER,7,183,2000-07-01,23.516,32.176,15.008
DENVER,7,184,2000-07-02,23.5,32.364000000000004,14.8
DENVER,7,185,2000-07-03,23.1,31.916,14.42
DENVER,7,186,2000-07-04,23.258000000000003,32.08,14.708
DENVER,7,187,2000-07-05,23.484,31.951999999999998,15.4
DENVER,7,188,2000-07-06,23.608,32.18,15.088
DENVER,7,189,2000-07-07,23.558000000000003,31.44,15.732000000000001
DENVER,7,190,2000-07-08,22.668000000000003,30.888,14.644
DENVER,7,191,2000-07-09,23.4,31.872,14.728
DENVER,7,192,2000-07-10,23.986,32.74,15.22
DENVER,7,193,2000-07-11,24.186,32.611999999999995,15.284
DENVER,7,194,2000-07-12,24.028000000000002,32.891999999999996,15.232000000000001
DENVER,7,195,2000-07-13,24.718000000000004,33.312,16.104
DENVER,7,196,2000-07-14,23.732,31.78,15.332
DENVER,7,197,2000-07-15,24.06,32.891999999999996,15.752
DENVER,7,198,2000-07-16,24.616,32.98,16.792
DENVER,7,199,2000-07-17,24.728,33.144,16.492
DENVER,7,200,2000-07-18,25.254,33.96,16.468
DENVER,7,201,2000-07-19,24.918000000000003,33.288,16.516
DENVER,7,202,2000-07-20,25.078000000000003,33.452,16.912
DENVER,7,203,2000-07-21,24.348000000000003,33.104,15.735999999999999
DENVER,7,204,2000-07-22,24.578000000000003,32.82,16.644000000000002
DENVER,7,205,2000-07-23,25.0,33.08,17.224
DENVER,7,206,2000-07-24,24.268,31.996,16.535999999999998
DENVER,7,207,2000-07-25,23.101999999999997,31.268,15.687999999999999
DENVER,7,208,2000-07-26,23.511999999999997,31.616,15.687999999999999
DENVER,7,209,2000-07-27,23.144000000000002,31.296,15.024000000000001
DENVER,7,210,2000-07-28,23.445999999999998,31.304000000000002,15.735999999999999
DENVER,7,211,2000-07-29,23.048000000000002,30.627999999999997,15.78
DENVER,7,212,2000-07-30,22.822,30.971999999999998,15.064
DENVER,7,213,2000-07-31,23.206,31.164,15.347999999999999
DENVER,7,214,2000-08-01,23.791999999999998,32.328,15.588
DENVER,7,215,2000-08-02,23.746,31.484,15.8
DENVER,7,216,2000-08-03,23.272,31.38,15.708
DENVER,7,217,2000-08-04,22.914,30.44,15.216
DENVER,7,218,2000-08-05,22.875999999999998,31.331999999999997,14.876000000000001
DENVER,7,219,2000-08-06,23.288,31.504,15.464
DENVER,7,220,2000-08-07,23.351999999999997,31.616,15.804
DENVER,7,221,2000-08-08,23.088,30.648000000000003,15.828
DENVER,7,222,2000-08-09,22.986,31.032000000000004,14.84
DENVER,7,223,2000-08-10,23.194000000000003,31.644000000000002,14.96
DENVER,7,224,2000-08-11,22.844,30.964000000000002,14.82
DENVER,7,225,2000-08-12,22.258000000000003,30.684,13.776
DENVER,7,226,2000-08-13,22.381999999999998,30.355999999999998,14.512
DENVER,7,227,2000-08-14,22.678,31.22,14.32
DENVER,7,228,2000-08-15,22.276,30.712,14.16
DENVER,7,229,2000-08-16,21.842,30.296,13.58
DENVER,7,230,2000-08-17,22.311999999999998,30.691999999999997,14.08
DENVER,7,231,2000-08-18,21.671999999999997,29.712,13.78
DENVER,7,232,2000-08-19,21.976,30.084,14.048
DENVER,7,233,2000-08-20,22.464000000000002,30.796,14.308
DENVER,7,234,2000-08-21,22.522,31.176,14.175999999999998
DENVER,7,235,2000-08-22,22.781999999999996,31.136,14.704
DENVER,7,236,2000-08-23,22.822,31.327999999999996,14.324000000000002
DENVER,7,237,2000-08-24,22.61,30.732,14.175999999999998
DENVER,7,238,2000-08-25,22.794,31.052,14.488
DENVER,7,239,2000-08-26,22.664,30.96,14.404000000000002
DENVER,7,240,2000-08-27,21.398000000000003,29.576,13.395999999999999
DENVER,7,241,2000-08-28,21.78,30.34,13.372
DENVER,7,242,2000-08-29,22.07,30.424,13.932
DENVER,7,243,2000-08-30,21.785999999999998,29.991999999999997,13.584000000000001
DENVER,7,244,2000-08-31,21.288,29.924,12.984000000000002
DENVER,7,245,2000-09-01,21.246,29.627999999999997,13.315999999999999
DENVER,7,246,2000-09-02,21.31,29.708000000000002,12.948
DENVER,7,247,2000-09-03,21.538,30.195999999999998,12.884
DENVER,7,248,2000-09-04,21.462,29.78,13.068
DENVER,7,249,2000-09-05,20.338,28.456,12.592
DENVER,7,250,2000-09-06,19.178,27.028000000000002,11.892000000000001
DENVER,7,251,2000-09-07,18.912,27.176,10.44
DENVER,7,252,2000-09-08,18.46,26.168000000000003,10.488
DENVER,7,253,2000-09-09,18.748,27.18,10.468
DENVER,7,254,2000-09-10,18.715999999999998,26.996,10.204
DENVER,7,255,2000-09-11,18.016,26.171999999999997,10.14
DENVER,7,256,2000-09-12,17.834,25.892,9.964
DENVER,7,257,2000-09-13,18.148,26.736,9.816
DENVER,7,258,2000-09-14,18.566,27.136,10.104
DENVER,7,259,2000-09-15,19.164,27.78,10.672
DENVER,7,260,2000-09-16,18.82,27.316,10.092
DENVER,7,261,2000-09-17,17.34,25.671999999999997,9.2
DENVER,7,262,2000-09-18,17.637999999999998,26.364,8.744
DENVER,7,263,2000-09-19,17.5,25.688000000000002,9.292
DENVER,7,264,2000-09-20,15.706000000000001,23.16,8.208
DENVER,7,265,2000-09-21,15.908,23.74,7.724
DENVER,7,266,2000-09-22,15.772,23.311999999999998,8.02
DENVER,7,267,2000-09-23,15.345999999999998,22.84,8.004
DENVER,7,268,2000-09-24,15.87,23.94,7.656000000000001
DENVER,7,269,2000-09-25,16.202,25.604,7.404
DENVER,7,270,2000-09-26,16.386,24.664,7.832000000000001
DENVER,7,271,2000-09-27,14.798,22.612,6.54
DENVER,7,272,2000-09-28,15.575999999999999,24.668000000000003,6.867999999999999
DENVER,7,273,2000-09-29,15.304,23.612,7.224
DENVER,7,274,2000-09-30,15.636,23.34,7.824
DENVER,7,275,2000-10-01,14.248,21.62,7.204
DENVER,7,276,2000-10-02,14.086000000000002,22.724,5.596
DENVER,7,277,2000-10-03,13.454,21.991999999999997,5.316
DENVER,7,278,2000-10-04,13.09,20.868000000000002,5.116
DENVER,7,279,2000-10-05,12.244000000000002,19.96,4.372
DENVER,7,280,2000-10-06,12.325999999999999,20.276,4.512
DENVER,7,281,2000-10-07,11.89,19.24,4.452
DENVER,7,282,2000-10-08,11.484000000000002,19.324,3.2680000000000002
DENVER,7,283,2000-10-09,10.357999999999999,17.64,3.1
DENVER,7,284,2000-10-10,11.548,20.352,3.2560000000000002
DENVER,7,285,2000-10-11,11.374,18.74,3.3760000000000003
DENVER,7,286,2000-10-12,10.512,18.727999999999998,2.148
DENVER,7,287,2000-10-13,11.058,19.296,2.5839999999999996
DENVER,7,288,2000-10-14,11.568,19.8,3.3
DENVER,7,289,2000-10-15,10.902000000000001,19.472,2.388
DENVER,7,290,2000-10-16,11.484000000000002,20.96,2.448
DENVER,7,291,2000-10-17,11.664000000000001,19.375999999999998,3.2880000000000003
DENVER,7,292,2000-10-18,10.702,19.092,2.092
DENVER,7,293,2000-10-19,11.342,19.736,3.096
DENVER,7,294,2000-10-20,10.017999999999999,16.58,2.784
DENVER,7,295,2000-10-21,9.832,17.652,1.7
DENVER,7,296,2000-10-22,9.42,16.652,1.78
DENVER,7,297,2000-10-23,8.762,16.576,0.792
DENVER,7,298,2000-10-24,8.271999999999998,16.804000000000002,0.7240000000000001
DENVER,7,299,2000-10-25,7.676,14.592,-0.14
DENVER,7,300,2000-10-26,5.928000000000001,12.524000000000001,-1.556
DENVER,7,301,2000-10-27,6.762,14.927999999999999,-0.688
DENVER,7,302,2000-10-28,8.58,16.548,0.9159999999999999
DENVER,7,303,2000-10-29,6.686,13.335999999999999,-0.5720000000000001
DENVER,7,304,2000-10-30,6.306,12.964,-0.5920000000000001
DENVER,7,305,2000-10-31,6.08,12.58,-0.7080000000000001
DENVER,7,306,2000-11-01,5.118,12.136,-1.896
DENVER,7,307,2000-11-02,6.422000000000001,13.915999999999999,-1.052
DENVER,7,308,2000-11-03,7.69,15.532,-0.12399999999999992
DENVER,7,309,2000-11-04,7.582000000000001,15.468,-0.41200000000000003
DENVER,7,310,2000-11-05,7.787999999999999,15.94,-0.22400000000000006
DENVER,7,311,2000-11-06,7.3020000000000005,14.992,-0.06800000000000005
DENVER,7,312,2000-11-07,7.497999999999999,16.0,-0.54
DENVER,7,313,2000-11-08,6.222,13.72,-1.124
DENVER,7,314,2000-11-09,5.768,14.3,-2.68
DENVER,7,315,2000-11-10,3.696,10.488,-3.284
DENVER,7,316,2000-11-11,2.49,9.9,-5.084
DENVER,7,317,2000-11-12,3.41,11.468,-4.22
DENVER,7,318,2000-11-13,4.098,12.092,-3.54
DENVER,7,319,2000-11-14,2.928,10.5,-4.72
DENVER,7,320,2000-11-15,4.488,12.675999999999998,-3.964
DENVER,7,321,2000-11-16,4.876,12.235999999999999,-3.252
DENVER,7,322,2000-11-17,5.303999999999999,13.06,-2.924
DENVER,7,323,2000-11-18,5.014,13.044,-2.58
DENVER,7,324,2000-11-19,5.276,13.488,-2.9360000000000004
DENVER,7,325,2000-11-20,4.038,11.556,-3.296
DENVER,7,326,2000-11-21,4.303999999999999,11.856000000000002,-2.9
DENVER,7,327,2000-11-22,3.324,10.556,-3.824
DENVER,7,328,2000-11-23,2.9939999999999998,11.192,-4.864000000000001
DENVER,7,329,2000-11-24,3.12,10.436,-4.996
DENVER,7,330,2000-11-25,2.294,10.424000000000001,-5.82
DENVER,7,331,2000-11-26,1.7279999999999998,9.024,-5.812
DENVER,7,332,2000-11-27,1.5899999999999996,8.408,-5.644
DENVER,7,333,2000-11-28,1.754,8.712,-5.248000000000001
DENVER,7,334,2000-11-29,0.8960000000000002,7.82,-6.744
DENVER,7,335,2000-11-30,1.2,8.716000000000001,-5.9239999999999995
DENVER,7,336,2000-12-01,1.214,9.0,-6.26
DENVER,7,337,2000-12-02,0.49200000000000005,7.404,-6.5520000000000005
DENVER,7,338,2000-12-03,0.21799999999999994,7.752000000000001,-7.108
DENVER,7,339,2000-12-04,-1.1440000000000001,6.064,-7.996
DENVER,7,340,2000-12-05,0.04399999999999997,7.4239999999999995,-7.352
DENVER,7,341,2000-12-06,-0.686,6.4879999999999995,-7.404
DENVER,7,342,2000-12-07,0.23200000000000004,7.328,-7.144
DENVER,7,343,2000-12-08,-0.55,7.02,-7.872000000000001
DENVER,7,344,2000-12-09,0.278,8.336,-6.824
DENVER,7,345,2000-12-10,0.836,7.984,-6.5760000000000005
DENVER,7,346,2000-12-11,0.504,7.451999999999999,-6.476
DENVER,7,347,2000-12-12,1.8239999999999998,8.516,-5.472
DENVER,7,348,2000-12-13,1.44,8.016,-5.392
DENVER,7,349,2000-12-14,-0.5920000000000002,6.696000000000001,-8.012
DENVER,7,350,2000-12-15,-1.456,5.504,-8.328
DENVER,7,351,2000-12-16,-1.1079999999999999,5.62,-7.972
DENVER,7,352,2000-12-17,-1.8699999999999997,5.38,-8.704
DENVER,7,353,2000-12-18,-2.536,4.324000000000001,-9.636000000000001
DENVER,7,354,2000-12-19,-1.0120000000000002,6.5760000000000005,-8.44
DENVER,7,355,2000-12-20,-0.8059999999999998,6.504,-8.12
DENVER,7,356,2000-12-21,-2.262,3.8480000000000003,-8.684
DENVER,7,357,2000-12-22,-2.114,5.092,-9.072
DENVER,7,358,2000-12-23,-2.69,3.94,-9.644
DENVER,7,359,2000-12-24,-1.3760000000000003,5.636,-8.44
DENVER,7,360,2000-12-25,-1.794,4.532,-8.728
DENVER,7,361,2000-12-26,-2.028,5.28,-9.004
DENVER,7,362,2000-12-27,-0.5579999999999998,6.247999999999999,-7.376
DENVER,7,363,2000-12-28,-0.02200000000000009,6.156000000000001,-7.416
DENVER,7,364,2000-12-29,-1.9280000000000002,5.207999999999999,-9.024
DENVER,7,365,2000-12-30,-1.6538461538461537,6.061538461538461,-8.930769230769231
DENVER,7,366,2000-12-31,0.2071428571428571,7.071428571428571,-7.357142857142857
LAS VEGAS,8,1,2000-01-01,7.778333333333333,13.236666666666668,2.466666666666667
LAS VEGAS,8,2,2000-01-02,8.646666666666667,14.193333333333333,3.32
LAS VEGAS,8,3,2000-01-03,8.436666666666666,13.333333333333334,3.5833333333333335
LAS VEGAS,8,4,2000-01-04,8.021666666666667,13.223333333333333,3.0233333333333334
LAS VEGAS,8,5,2000-01-05,8.353333333333333,13.45,3.283333333333333
LAS VEGAS,8,6,2000-01-06,8.355,13.446666666666665,3.296666666666667
LAS VEGAS,8,7,2000-01-07,8.911666666666667,14.263333333333332,3.6933333333333334
LAS VEGAS,8,8,2000-01-08,9.34,14.663333333333332,4.1433333333333335
LAS VEGAS,8,9,2000-01-09,9.425,14.51,4.3133333333333335
LAS VEGAS,8,10,2000-01-10,9.788333333333332,14.793333333333333,4.79
LAS VEGAS,8,11,2000-01-11,9.44,14.706666666666667,4.033333333333333
LAS VEGAS,8,12,2000-01-12,9.148333333333333,14.163333333333332,4.093333333333333
LAS VEGAS,8,13,2000-01-13,8.773333333333333,14.183333333333334,3.3333333333333335
LAS VEGAS,8,14,2000-01-14,9.398333333333333,14.916666666666666,4.053333333333333
LAS VEGAS,8,15,2000-01-15,9.378333333333334,14.643333333333334,4.1433333333333335
LAS VEGAS,8,16,2000-01-16,9.433333333333334,14.943333333333333,4.1466666666666665
LAS VEGAS,8,17,2000-01-17,9.501666666666667,15.206666666666667,3.8
LAS VEGAS,8,18,2000-01-18,9.870000000000001,15.876666666666667,3.9466666666666668
LAS VEGAS,8,19,2000-01-19,10.088333333333333,15.84,4.366666666666666
LAS VEGAS,8,20,2000-01-20,9.921666666666665,15.17,4.616666666666666
LAS VEGAS,8,21,2000-01-21,10.121666666666666,15.126666666666667,5.073333333333333
LAS VEGAS,8,22,2000-01-22,9.72,14.753333333333334,4.6
LAS VEGAS,8,23,2000-01-23,9.381666666666666,14.893333333333334,3.993333333333333
LAS VEGAS,8,24,2000-01-24,10.256666666666666,15.973333333333333,4.63
LAS VEGAS,8,25,2000-01-25,10.613333333333333,16.186666666666667,5.003333333333333
LAS VEGAS,8,26,2000-01-26,9.926666666666668,15.07,4.673333333333333
LAS VEGAS,8,27,2000-01-27,10.104999999999999,15.486666666666668,4.816666666666666
LAS VEGAS,8,28,2000-01-28,10.285,15.78,5.02
LAS VEGAS,8,29,2000-01-29,10.156666666666666,15.673333333333334,4.6866666666666665
LAS VEGAS,8,30,2000-01-30,10.378333333333332,16.006666666666668,4.8133333333333335
LAS VEGAS,8,31,2000-01-31,10.553333333333335,15.903333333333332,5.016666666666667
LAS VEGAS,8,32,2000-02-01,10.271666666666667,16.313333333333333,4.21
LAS VEGAS,8,33,2000-02-02,10.18,16.096666666666668,4.5
LAS VEGAS,8,34,2000-02-03,10.866666666666667,16.683333333333334,4.8933333333333335
LAS VEGAS,8,35,2000-02-04,10.865,16.82,4.943333333333333
LAS VEGAS,8,36,2000-02-05,11.381666666666666,16.69,6.006666666666666
LAS VEGAS,8,37,2000-02-06,11.176666666666668,16.73,5.753333333333333
LAS VEGAS,8,38,2000-02-07,11.229999999999999,16.816666666666666,5.873333333333333
LAS VEGAS,8,39,2000-02-08,11.808333333333334,17.133333333333333,6.58
LAS VEGAS,8,40,2000-02-09,11.903333333333334,17.573333333333334,6.1
LAS VEGAS,8,41,2000-02-10,11.991666666666667,17.759999999999998,6.1933333333333325
LAS VEGAS,8,42,2000-02-11,11.638333333333332,16.856666666666666,6.1433333333333335
LAS VEGAS,8,43,2000-02-12,11.581666666666667,17.173333333333336,6.16
LAS VEGAS,8,44,2000-02-13,11.678333333333335,17.516666666666666,6.113333333333333
LAS VEGAS,8,45,2000-02-14,12.298333333333334,18.053333333333335,6.696666666666667
LAS VEGAS,8,46,2000-02-15,12.323333333333332,18.08,6.52
LAS VEGAS,8,47,2000-02-16,12.851666666666667,18.476666666666667,7.173333333333333
LAS VEGAS,8,48,2000-02-17,12.74,18.313333333333333,7.046666666666667
LAS VEGAS,8,49,2000-02-18,12.604999999999999,17.64333333333333,7.35
LAS VEGAS,8,50,2000-02-19,12.056666666666667,17.40666666666667,6.713333333333334
LAS VEGAS,8,51,2000-02-20,11.703333333333335,16.516666666666666,6.723333333333333
LAS VEGAS,8,52,2000-02-21,11.393333333333334,16.87333333333333,6.056666666666667
LAS VEGAS,8,53,2000-02-22,12.163333333333332,17.3,6.48
LAS VEGAS,8,54,2000-02-23,11.521666666666667,16.720000000000002,6.256666666666666
LAS VEGAS,8,55,2000-02-24,11.606666666666666,17.383333333333333,6.069999999999999
LAS VEGAS,8,56,2000-02-25,11.973333333333333,17.759999999999998,6.263333333333334
LAS VEGAS,8,57,2000-02-26,11.725,17.323333333333334,6.413333333333333
LAS VEGAS,8,58,2000-02-27,12.116666666666667,17.31,6.786666666666666
LAS VEGAS,8,59,2000-02-28,12.246666666666666,17.40666666666667,7.010000000000001
LAS VEGAS,8,60,2000-02-29,12.41,18.040000000000003,6.8100000000000005
LAS VEGAS,8,61,2000-03-01,13.208333333333334,19.15666666666667,7.183333333333334
LAS VEGAS,8,62,2000-03-02,13.581666666666667,19.163333333333334,7.86
LAS VEGAS,8,63,2000-03-03,13.545,18.993333333333332,8.266666666666667
LAS VEGAS,8,64,2000-03-04,14.208333333333334,20.1,7.95
LAS VEGAS,8,65,2000-03-05,14.378333333333334,19.89,8.91
LAS VEGAS,8,66,2000-03-06,13.925,19.176666666666666,8.483333333333333
LAS VEGAS,8,67,2000-03-07,13.296666666666665,19.46333333333333,7.21
LAS VEGAS,8,68,2000-03-08,14.341666666666667,20.623333333333335,8.18
LAS VEGAS,8,69,2000-03-09,15.396666666666667,21.183333333333334,9.483333333333333
LAS VEGAS,8,70,2000-03-10,15.4,21.30666666666667,9.356666666666666
LAS VEGAS,8,71,2000-03-11,16.316666666666666,22.779999999999998,9.846666666666666
LAS VEGAS,8,72,2000-03-12,16.586666666666666,22.783333333333335,10.336666666666668
LAS VEGAS,8,73,2000-03-13,16.651666666666667,22.676666666666666,10.576666666666666
LAS VEGAS,8,74,2000-03-14,16.481666666666666,22.923333333333336,10.273333333333333
LAS VEGAS,8,75,2000-03-15,17.05,23.16,10.893333333333334
LAS VEGAS,8,76,2000-03-16,17.041666666666668,22.996666666666666,11.08
LAS VEGAS,8,77,2000-03-17,16.965,22.88,10.793333333333333
LAS VEGAS,8,78,2000-03-18,16.608333333333334,22.5,10.726666666666667
LAS VEGAS,8,79,2000-03-19,16.775,22.96333333333333,10.446666666666665
LAS VEGAS,8,80,2000-03-20,16.686666666666667,23.19,10.443333333333333
LAS VEGAS,8,81,2000-03-21,17.146666666666665,23.31,10.666666666666666
LAS VEGAS,8,82,2000-03-22,16.795,22.816666666666666,10.7
LAS VEGAS,8,83,2000-03-23,16.821666666666665,22.596666666666668,11.003333333333334
LAS VEGAS,8,84,2000-03-24,16.875,22.756666666666668,10.893333333333334
LAS VEGAS,8,85,2000-03-25,16.858333333333334,22.763333333333332,10.833333333333334
LAS VEGAS,8,86,2000-03-26,16.316666666666666,21.8,10.639999999999999
LAS VEGAS,8,87,2000-03-27,16.173333333333332,22.240000000000002,10.44
LAS VEGAS,8,88,2000-03-28,17.183333333333334,23.37,10.686666666666667
LAS VEGAS,8,89,2000-03-29,17.375,23.353333333333335,10.923333333333334
LAS VEGAS,8,90,2000-03-30,17.371666666666666,23.83,10.983333333333333
LAS VEGAS,8,91,2000-03-31,17.82,24.009999999999998,11.606666666666666
LAS VEGAS,8,92,2000-04-01,17.896666666666665,23.85666666666667,11.74
LAS VEGAS,8,93,2000-04-02,17.566666666666666,23.226666666666667,11.373333333333333
LAS VEGAS,8,94,2000-04-03,17.563333333333333,24.11,11.28
LAS VEGAS,8,95,2000-04-04,18.258333333333333,24.403333333333332,12.023333333333333
LAS VEGAS,8,96,2000-04-05,18.77,24.83,12.706666666666667
LAS VEGAS,8,97,2000-04-06,19.02,25.263333333333332,12.72
LAS VEGAS,8,98,2000-04-07,18.361666666666668,24.3,11.846666666666666
LAS VEGAS,8,99,2000-04-08,18.271666666666665,24.423333333333336,11.863333333333333
LAS VEGAS,8,100,2000-04-09,18.273333333333333,24.376666666666665,12.283333333333333
LAS VEGAS,8,101,2000-04-10,18.598333333333336,24.526666666666664,12.736666666666668
LAS VEGAS,8,102,2000-04-11,18.69333333333333,24.403333333333332,12.803333333333335
LAS VEGAS,8,103,2000-04-12,19.386666666666667,26.086666666666666,12.533333333333333
LAS VEGAS,8,104,2000-04-13,19.283333333333335,25.88,12.44
LAS VEGAS,8,105,2000-04-14,18.384999999999998,24.053333333333335,12.523333333333333
LAS VEGAS,8,106,2000-04-15,18.785,25.263333333333332,11.746666666666666
LAS VEGAS,8,107,2000-04-16,19.52,26.09333333333333,13.216666666666667
LAS VEGAS,8,108,2000-04-17,19.853333333333335,25.826666666666664,13.736666666666668
LAS VEGAS,8,109,2000-04-18,19.69333333333333,25.736666666666668,13.47
LAS VEGAS,8,110,2000-04-19,20.555,27.15,14.093333333333334
LAS VEGAS,8,111,2000-04-20,20.746666666666666,27.183333333333334,14.113333333333333
LAS VEGAS,8,112,2000-04-21,20.90666666666667,27.153333333333332,14.566666666666666
LAS VEGAS,8,113,2000-04-22,20.923333333333336,27.313333333333333,14.3
LAS VEGAS,8,114,2000-04-23,21.073333333333334,27.146666666666665,14.82
LAS VEGAS,8,115,2000-04-24,21.671666666666667,27.836666666666666,14.98
LAS VEGAS,8,116,2000-04-25,21.821666666666665,28.246666666666666,15.266666666666667
LAS VEGAS,8,117,2000-04-26,22.591666666666665,29.029999999999998,16.356666666666666
LAS VEGAS,8,118,2000-04-27,22.711666666666666,29.16,15.796666666666665
LAS VEGAS,8,119,2000-04-28,22.023333333333333,28.39,15.313333333333333
LAS VEGAS,8,120,2000-04-29,21.995,28.45,15.773333333333333
LAS VEGAS,8,121,2000-04-30,22.720000000000002,28.613333333333333,16.06
LAS VEGAS,8,122,2000-05-01,22.251666666666665,28.723333333333336,15.976666666666667
LAS VEGAS,8,123,2000-05-02,23.053333333333335,29.813333333333333,16.26
LAS VEGAS,8,124,2000-05-03,23.946666666666665,30.516666666666666,17.2
LAS VEGAS,8,125,2000-05-04,24.133333333333333,30.45,17.60666666666667
LAS VEGAS,8,126,2000-05-05,23.73,29.703333333333333,17.126666666666665
LAS VEGAS,8,127,2000-05-06,23.21833333333333,29.11,16.779999999999998
LAS VEGAS,8,128,2000-05-07,23.21333333333333,29.316666666666666,17.326666666666664
LAS VEGAS,8,129,2000-05-08,23.33,29.766666666666666,16.656666666666666
LAS VEGAS,8,130,2000-05-09,23.64,30.35666666666667,17.256666666666668
LAS VEGAS,8,131,2000-05-10,24.386666666666667,31.253333333333334,17.34333333333333
LAS VEGAS,8,132,2000-05-11,24.93,31.523333333333333,18.046666666666667
LAS VEGAS,8,133,2000-05-12,24.921666666666667,31.339999999999996,18.346666666666668
LAS VEGAS,8,134,2000-05-13,25.326666666666664,32.093333333333334,18.303333333333335
LAS VEGAS,8,135,2000-05-14,25.71333333333333,32.31333333333333,18.896666666666665
LAS VEGAS,8,136,2000-05-15,25.735,31.926666666666666,19.136666666666667
LAS VEGAS,8,137,2000-05-16,25.21333333333333,31.383333333333333,18.833333333333332
LAS VEGAS,8,138,2000-05-17,25.493333333333332,31.696666666666665,18.813333333333333
LAS VEGAS,8,139,2000-05-18,25.586666666666666,32.02,19.02
LAS VEGAS,8,140,2000-05-19,25.836666666666666,32.21666666666667,19.196666666666665
LAS VEGAS,8,141,2000-05-20,25.618333333333332,31.793333333333333,19.176666666666666
LAS VEGAS,8,142,2000-05-21,24.89333333333333,30.89333333333333,18.7
LAS VEGAS,8,143,2000-05-22,24.748333333333335,31.240000000000002,18.376666666666665
LAS VEGAS,8,144,2000-05-23,25.438333333333333,31.716666666666665,19.133333333333333
LAS VEGAS,8,145,2000-05-24,25.646666666666665,32.07333333333334,19.3
LAS VEGAS,8,146,2000-05-25,25.748333333333335,31.796666666666667,19.333333333333332
LAS VEGAS,8,147,2000-05-26,25.76833333333333,32.376666666666665,19.163333333333334
LAS VEGAS,8,148,2000-05-27,27.13,33.89,20.34333333333333
LAS VEGAS,8,149,2000-05-28,27.668333333333333,34.18,21.116666666666667
LAS VEGAS,8,150,2000-05-29,28.091666666666665,34.9,21.033333333333335
LAS VEGAS,8,151,2000-05-30,28.565,34.916666666666664,21.776666666666664
LAS VEGAS,8,152,2000-05-31,28.873333333333335,35.663333333333334,21.709999999999997
LAS VEGAS,8,153,2000-06-01,29.21333333333333,35.913333333333334,22.41
LAS VEGAS,8,154,2000-06-02,29.001666666666665,36.01333333333333,22.373333333333335
LAS VEGAS,8,155,2000-06-03,29.733333333333334,36.31333333333334,22.886666666666667
LAS VEGAS,8,156,2000-06-04,29.715,36.55333333333333,22.55666666666667
LAS VEGAS,8,157,2000-06-05,29.238333333333333,35.583333333333336,22.36
LAS VEGAS,8,158,2000-06-06,28.793333333333333,35.193333333333335,21.89
LAS VEGAS,8,159,2000-06-07,29.084999999999997,35.64333333333333,22.33
LAS VEGAS,8,160,2000-06-08,28.96833333333333,35.126666666666665,22.46333333333333
LAS VEGAS,8,161,2000-06-09,28.779999999999998,35.473333333333336,21.866666666666667
LAS VEGAS,8,162,2000-06-10,29.333333333333332,36.09,22.346666666666668
LAS VEGAS,8,163,2000-06-11,29.535,36.126666666666665,22.73
LAS VEGAS,8,164,2000-06-12,29.605,36.093333333333334,22.866666666666667
LAS VEGAS,8,165,2000-06-13,30.01833333333333,36.559999999999995,23.096666666666668
LAS VEGAS,8,166,2000-06-14,30.555,37.49666666666667,23.59
LAS VEGAS,8,167,2000-06-15,30.508333333333333,37.126666666666665,23.493333333333332
LAS VEGAS,8,168,2000-06-16,30.258333333333333,37.013333333333335,23.323333333333334
LAS VEGAS,8,169,2000-06-17,31.116666666666667,37.873333333333335,24.216666666666665
LAS VEGAS,8,170,2000-06-18,31.881666666666668,38.66,24.966666666666665
LAS VEGAS,8,171,2000-06-19,31.941666666666666,38.9,24.866666666666667
LAS VEGAS,8,172,2000-06-20,32.245,39.07666666666667,25.18
LAS VEGAS,8,173,2000-06-21,32.265,39.093333333333334,25.023333333333333
LAS VEGAS,8,174,2000-06-22,32.43833333333333,39.38333333333333,25.246666666666666
LAS VEGAS,8,175,2000-06-23,32.43666666666667,39.11,25.486666666666668
LAS VEGAS,8,176,2000-06-24,32.608333333333334,39.34,25.759999999999998
LAS VEGAS,8,177,2000-06-25,32.73,39.34,25.833333333333332
LAS VEGAS,8,178,2000-06-26,32.78333333333333,39.586666666666666,25.783333333333335
LAS VEGAS,8,179,2000-06-27,33.24,40.45666666666667,25.89
LAS VEGAS,8,180,2000-06-28,33.57,40.43666666666666,26.166666666666668
LAS VEGAS,8,181,2000-06-29,33.483333333333334,40.49333333333333,26.366666666666667
LAS VEGAS,8,182,2000-06-30,33.89833333333333,40.809999999999995,26.41
LAS VEGAS,8,183,2000-07-01,33.864999999999995,40.50333333333333,26.903333333333332
LAS VEGAS,8,184,2000-07-02,33.50666666666667,40.22,26.576666666666664
LAS VEGAS,8,185,2000-07-03,33.54833333333333,39.99333333333333,26.796666666666667
LAS VEGAS,8,186,2000-07-04,33.651666666666664,40.24333333333333,26.776666666666664
LAS VEGAS,8,187,2000-07-05,33.68666666666667,40.22666666666667,26.966666666666665
LAS VEGAS,8,188,2000-07-06,33.575,40.14666666666667,26.84
LAS VEGAS,8,189,2000-07-07,33.556666666666665,39.89333333333333,26.89
LAS VEGAS,8,190,2000-07-08,33.428333333333335,39.72,26.813333333333333
LAS VEGAS,8,191,2000-07-09,33.56166666666667,39.88666666666666,27.006666666666668
LAS VEGAS,8,192,2000-07-10,33.955,40.17333333333333,27.673333333333336
LAS VEGAS,8,193,2000-07-11,33.64833333333333,40.169999999999995,27.066666666666666
LAS VEGAS,8,194,2000-07-12,33.85,40.61,27.316666666666666
LAS VEGAS,8,195,2000-07-13,34.111666666666665,40.54333333333333,27.426666666666666
LAS VEGAS,8,196,2000-07-14,34.096666666666664,40.68,27.456666666666667
LAS VEGAS,8,197,2000-07-15,34.24,40.7,27.59333333333333
LAS VEGAS,8,198,2000-07-16,34.041666666666664,40.78666666666666,27.813333333333333
LAS VEGAS,8,199,2000-07-17,34.21666666666667,40.70333333333333,27.46333333333333
LAS VEGAS,8,200,2000-07-18,33.805,40.11333333333334,26.763333333333332
LAS VEGAS,8,201,2000-07-19,33.50333333333334,40.05,27.016666666666666
LAS VEGAS,8,202,2000-07-20,33.54833333333333,39.82,27.173333333333336
LAS VEGAS,8,203,2000-07-21,33.495,40.09,27.033333333333335
LAS VEGAS,8,204,2000-07-22,34.05833333333333,40.19666666666667,27.756666666666668
LAS VEGAS,8,205,2000-07-23,33.71333333333333,39.79,27.416666666666668
LAS VEGAS,8,206,2000-07-24,33.858333333333334,40.230000000000004,27.303333333333335
LAS VEGAS,8,207,2000-07-25,34.28,40.60666666666667,27.91
LAS VEGAS,8,208,2000-07-26,34.443333333333335,40.78333333333333,27.823333333333334
LAS VEGAS,8,209,2000-07-27,34.61333333333334,40.94666666666667,28.263333333333332
LAS VEGAS,8,210,2000-07-28,34.46,41.18333333333333,27.866666666666667
LAS VEGAS,8,211,2000-07-29,34.54,41.04666666666667,28.203333333333333
LAS VEGAS,8,212,2000-07-30,33.71,39.806666666666665,27.223333333333336
LAS VEGAS,8,213,2000-07-31,33.455,39.53333333333333,27.223333333333336
LAS VEGAS,8,214,2000-08-01,33.70166666666667,40.14,27.203333333333333
LAS VEGAS,8,215,2000-08-02,33.84,39.973333333333336,27.44333333333333
LAS VEGAS,8,216,2000-08-03,33.88166666666667,40.05,27.333333333333332
LAS VEGAS,8,217,2000-08-04,33.431666666666665,39.81666666666667,26.990000000000002
LAS VEGAS,8,218,2000-08-05,33.425,39.65333333333333,26.996666666666666
LAS VEGAS,8,219,2000-08-06,33.12833333333334,39.486666666666665,26.666666666666668
LAS VEGAS,8,220,2000-08-07,32.67333333333333,39.34,25.903333333333332
LAS VEGAS,8,221,2000-08-08,33.031666666666666,39.60333333333333,26.40666666666667
LAS VEGAS,8,222,2000-08-09,33.315,39.70333333333333,26.63
LAS VEGAS,8,223,2000-08-10,33.595,39.769999999999996,26.84
LAS VEGAS,8,224,2000-08-11,33.53333333333333,39.943333333333335,27.220000000000002
LAS VEGAS,8,225,2000-08-12,33.505,40.32333333333334,26.353333333333335
LAS VEGAS,8,226,2000-08-13,33.635,40.373333333333335,26.796666666666667
LAS VEGAS,8,227,2000-08-14,33.33,39.97666666666667,26.7
LAS VEGAS,8,228,2000-08-15,33.681666666666665,40.056666666666665,26.993333333333332
LAS VEGAS,8,229,2000-08-16,33.7,39.96333333333334,27.279999999999998
LAS VEGAS,8,230,2000-08-17,33.611666666666665,40.20333333333333,26.540000000000003
LAS VEGAS,8,231,2000-08-18,33.278333333333336,39.46333333333334,26.92
LAS VEGAS,8,232,2000-08-19,32.99333333333333,39.25,26.77
LAS VEGAS,8,233,2000-08-20,33.190000000000005,39.406666666666666,26.776666666666667
LAS VEGAS,8,234,2000-08-21,32.80166666666667,39.29333333333333,26.133333333333333
LAS VEGAS,8,235,2000-08-22,32.43833333333333,38.67666666666666,26.009999999999998
LAS VEGAS,8,236,2000-08-23,32.00166666666667,38.35666666666667,25.709999999999997
LAS VEGAS,8,237,2000-08-24,32.46,38.70666666666667,26.203333333333333
LAS VEGAS,8,238,2000-08-25,32.36333333333333,38.49333333333333,26.25
LAS VEGAS,8,239,2000-08-26,32.19,38.61333333333334,25.89333333333333
LAS VEGAS,8,240,2000-08-27,32.64333333333333,39.223333333333336,25.926666666666666
LAS VEGAS,8,241,2000-08-28,32.70666666666666,39.28333333333333,26.15666666666667
LAS VEGAS,8,242,2000-08-29,32.39,38.63333333333333,25.90666666666667
LAS VEGAS,8,243,2000-08-30,31.391666666666666,37.3,25.296666666666667
LAS VEGAS,8,244,2000-08-31,31.545,38.093333333333334,24.913333333333334
LAS VEGAS,8,245,2000-09-01,31.451666666666664,37.75666666666667,25.033333333333335
LAS VEGAS,8,246,2000-09-02,31.378333333333334,37.61333333333334,24.903333333333332
LAS VEGAS,8,247,2000-09-03,31.413333333333334,37.61,25.05666666666667
LAS VEGAS,8,248,2000-09-04,30.823333333333334,36.72666666666667,24.91
LAS VEGAS,8,249,2000-09-05,30.586666666666666,36.876666666666665,24.333333333333332
LAS VEGAS,8,250,2000-09-06,30.738333333333333,36.90333333333333,24.44333333333333
LAS VEGAS,8,251,2000-09-07,30.128333333333334,36.15333333333333,23.623333333333335
LAS VEGAS,8,252,2000-09-08,29.470000000000002,35.84666666666667,22.933333333333334
LAS VEGAS,8,253,2000-09-09,28.921666666666667,35.34,22.60666666666667
LAS VEGAS,8,254,2000-09-10,28.831666666666667,35.21,22.48
LAS VEGAS,8,255,2000-09-11,28.823333333333334,35.45333333333333,22.209999999999997
LAS VEGAS,8,256,2000-09-12,28.759999999999998,35.22,22.333333333333332
LAS VEGAS,8,257,2000-09-13,28.543333333333333,34.8,22.0
LAS VEGAS,8,258,2000-09-14,28.278333333333332,35.01,21.35
LAS VEGAS,8,259,2000-09-15,28.696666666666665,34.93,22.396666666666665
LAS VEGAS,8,260,2000-09-16,28.296666666666667,34.776666666666664,21.663333333333334
LAS VEGAS,8,261,2000-09-17,28.096666666666668,34.519999999999996,21.493333333333332
LAS VEGAS,8,262,2000-09-18,27.973333333333336,34.626666666666665,21.173333333333336
LAS VEGAS,8,263,2000-09-19,27.44333333333333,33.93333333333333,20.759999999999998
LAS VEGAS,8,264,2000-09-20,27.271666666666665,33.67,20.383333333333333
LAS VEGAS,8,265,2000-09-21,26.565,32.86666666666667,20.10666666666667
LAS VEGAS,8,266,2000-09-22,26.788333333333334,33.13,20.316666666666666
LAS VEGAS,8,267,2000-09-23,26.608333333333334,33.51,19.83
LAS VEGAS,8,268,2000-09-24,27.146666666666665,33.906666666666666,20.243333333333332
LAS VEGAS,8,269,2000-09-25,27.178333333333335,33.739999999999995,20.13
LAS VEGAS,8,270,2000-09-26,27.111666666666668,33.96,20.263333333333332
LAS VEGAS,8,271,2000-09-27,27.023333333333333,33.43333333333333,20.446666666666665
LAS VEGAS,8,272,2000-09-28,26.378333333333334,33.013333333333335,19.67
LAS VEGAS,8,273,2000-09-29,25.818333333333335,32.63,19.076666666666664
LAS VEGAS,8,274,2000-09-30,26.12,32.75666666666667,19.42
LAS VEGAS,8,275,2000-10-01,25.815,32.07,19.236666666666668
LAS VEGAS,8,276,2000-10-02,25.18166666666667,31.723333333333336,18.533333333333335
LAS VEGAS,8,277,2000-10-03,24.16,29.683333333333334,18.31
LAS VEGAS,8,278,2000-10-04,22.368333333333332,28.279999999999998,16.28666666666667
LAS VEGAS,8,279,2000-10-05,22.023333333333333,28.323333333333334,15.723333333333333
LAS VEGAS,8,280,2000-10-06,22.293333333333333,28.796666666666667,15.743333333333334
LAS VEGAS,8,281,2000-10-07,22.956666666666667,29.863333333333333,16.283333333333335
LAS VEGAS,8,282,2000-10-08,23.223333333333336,30.016666666666666,15.99
LAS VEGAS,8,283,2000-10-09,23.15,29.583333333333332,16.44
LAS VEGAS,8,284,2000-10-10,22.333333333333332,29.009999999999998,15.726666666666667
LAS VEGAS,8,285,2000-10-11,22.14333333333333,28.133333333333333,16.086666666666666
LAS VEGAS,8,286,2000-10-12,21.73166666666667,28.316666666666666,15.116666666666667
LAS VEGAS,8,287,2000-10-13,21.763333333333332,28.34333333333333,15.003333333333334
LAS VEGAS,8,288,2000-10-14,22.07,28.853333333333335,15.43
LAS VEGAS,8,289,2000-10-15,21.895,28.259999999999998,15.246666666666666
LAS VEGAS,8,290,2000-10-16,21.321666666666665,27.62,15.020000000000001
LAS VEGAS,8,291,2000-10-17,20.85,27.009999999999998,14.386666666666667
LAS VEGAS,8,292,2000-10-18,21.09333333333333,27.916666666666668,14.523333333333333
LAS VEGAS,8,293,2000-10-19,21.293333333333333,27.41,14.846666666666666
LAS VEGAS,8,294,2000-10-20,20.636666666666667,26.740000000000002,14.370000000000001
LAS VEGAS,8,295,2000-10-21,20.32,26.529999999999998,14.3
LAS VEGAS,8,296,2000-10-22,19.84,26.396666666666665,13.543333333333333
LAS VEGAS,8,297,2000-10-23,19.89333333333333,25.703333333333333,13.726666666666667
LAS VEGAS,8,298,2000-10-24,19.345000000000002,25.116666666666667,13.463333333333333
LAS VEGAS,8,299,2000-10-25,18.501666666666665,24.373333333333335,12.403333333333334
LAS VEGAS,8,300,2000-10-26,18.098333333333336,23.73,12.106666666666666
LAS VEGAS,8,301,2000-10-27,17.76833333333333,23.30666666666667,11.976666666666667
LAS VEGAS,8,302,2000-10-28,17.435,23.32,11.843333333333334
LAS VEGAS,8,303,2000-10-29,17.188333333333333,22.81,11.479999999999999
LAS VEGAS,8,304,2000-10-30,17.001666666666665,22.923333333333336,11.093333333333334
LAS VEGAS,8,305,2000-10-31,17.063333333333333,23.336666666666666,10.889999999999999
LAS VEGAS,8,306,2000-11-01,16.785,23.0,10.753333333333334
LAS VEGAS,8,307,2000-11-02,16.50166666666667,22.39333333333333,10.49
LAS VEGAS,8,308,2000-11-03,16.203333333333333,22.173333333333336,10.05
LAS VEGAS,8,309,2000-11-04,16.038333333333334,22.363333333333333,9.816666666666666
LAS VEGAS,8,310,2000-11-05,16.381666666666668,22.703333333333333,10.15
LAS VEGAS,8,311,2000-11-06,16.728333333333335,23.076666666666664,10.413333333333332
LAS VEGAS,8,312,2000-11-07,16.166666666666668,21.89333333333333,10.256666666666666
LAS VEGAS,8,313,2000-11-08,15.746666666666666,21.513333333333332,10.126666666666667
LAS VEGAS,8,314,2000-11-09,14.981666666666666,20.736666666666668,9.276666666666667
LAS VEGAS,8,315,2000-11-10,14.44,19.313333333333333,9.443333333333333
LAS VEGAS,8,316,2000-11-11,14.008333333333333,19.35666666666667,8.56
LAS VEGAS,8,317,2000-11-12,13.97,20.023333333333333,8.0
LAS VEGAS,8,318,2000-11-13,14.346666666666666,20.573333333333334,8.38
LAS VEGAS,8,319,2000-11-14,14.245,20.003333333333334,8.433333333333334
LAS VEGAS,8,320,2000-11-15,13.766666666666667,19.626666666666665,7.673333333333333
LAS VEGAS,8,321,2000-11-16,13.915,19.736666666666668,7.73
LAS VEGAS,8,322,2000-11-17,13.533333333333333,19.56,7.406666666666666
LAS VEGAS,8,323,2000-11-18,13.778333333333332,19.923333333333336,7.913333333333333
LAS VEGAS,8,324,2000-11-19,13.46,19.336666666666666,7.540000000000001
LAS VEGAS,8,325,2000-11-20,13.083333333333334,18.553333333333335,7.546666666666667
LAS VEGAS,8,326,2000-11-21,12.548333333333334,17.87,7.276666666666667
LAS VEGAS,8,327,2000-11-22,12.131666666666666,17.423333333333336,6.506666666666666
LAS VEGAS,8,328,2000-11-23,11.696666666666665,17.86,5.89
LAS VEGAS,8,329,2000-11-24,11.620000000000001,17.133333333333333,5.66
LAS VEGAS,8,330,2000-11-25,11.291666666666666,17.006666666666668,5.573333333333333
LAS VEGAS,8,331,2000-11-26,11.023333333333333,16.05,5.483333333333333
LAS VEGAS,8,332,2000-11-27,10.536666666666667,15.343333333333334,5.633333333333334
LAS VEGAS,8,333,2000-11-28,10.056666666666667,15.486666666666668,4.8566666666666665
LAS VEGAS,8,334,2000-11-29,10.655,15.623333333333333,5.28
LAS VEGAS,8,335,2000-11-30,10.373333333333333,15.723333333333333,5.026666666666667
LAS VEGAS,8,336,2000-12-01,10.385,15.879999999999999,5.010000000000001
LAS VEGAS,8,337,2000-12-02,10.278333333333334,15.3,5.16
LAS VEGAS,8,338,2000-12-03,9.378333333333334,14.26,4.116666666666666
LAS VEGAS,8,339,2000-12-04,8.901666666666667,14.223333333333333,3.6966666666666663
LAS VEGAS,8,340,2000-12-05,9.281666666666666,14.563333333333333,4.256666666666667
LAS VEGAS,8,341,2000-12-06,10.245000000000001,15.586666666666666,5.16
LAS VEGAS,8,342,2000-12-07,9.796666666666665,14.576666666666666,4.96
LAS VEGAS,8,343,2000-12-08,9.438333333333333,14.59,4.306666666666667
LAS VEGAS,8,344,2000-12-09,9.321666666666665,14.443333333333333,4.3966666666666665
LAS VEGAS,8,345,2000-12-10,9.55,14.483333333333333,4.463333333333334
LAS VEGAS,8,346,2000-12-11,9.598333333333333,15.1,4.293333333333334
LAS VEGAS,8,347,2000-12-12,9.51,14.866666666666667,4.376666666666667
LAS VEGAS,8,348,2000-12-13,9.293333333333333,14.333333333333334,3.95
LAS VEGAS,8,349,2000-12-14,8.825,13.466666666666667,4.24
LAS VEGAS,8,350,2000-12-15,8.603333333333333,13.729999999999999,3.5133333333333336
LAS VEGAS,8,351,2000-12-16,8.45,13.296666666666665,3.43
LAS VEGAS,8,352,2000-12-17,8.506666666666666,13.389999999999999,3.5
LAS VEGAS,8,353,2000-12-18,8.546666666666665,13.553333333333335,3.6366666666666663
LAS VEGAS,8,354,2000-12-19,7.933333333333334,12.876666666666667,2.97
LAS VEGAS,8,355,2000-12-20,7.444999999999999,12.723333333333333,2.396666666666667
LAS VEGAS,8,356,2000-12-21,8.103333333333333,13.22,3.29
LAS VEGAS,8,357,2000-12-22,8.763333333333332,13.573333333333332,3.8733333333333335
LAS VEGAS,8,358,2000-12-23,8.411666666666667,13.663333333333332,3.1866666666666665
LAS VEGAS,8,359,2000-12-24,8.058333333333334,13.273333333333333,2.6933333333333334
LAS VEGAS,8,360,2000-12-25,7.716666666666667,12.586666666666668,2.74
LAS VEGAS,8,361,2000-12-26,7.288333333333333,12.553333333333335,2.0066666666666664
LAS VEGAS,8,362,2000-12-27,7.456666666666666,12.4,2.5266666666666664
LAS VEGAS,8,363,2000-12-28,8.005,13.05,3.0166666666666666
LAS VEGAS,8,364,2000-12-29,8.036666666666667,13.403333333333334,2.8699999999999997
LAS VEGAS,8,365,2000-12-30,8.403333333333332,13.463333333333333,3.2733333333333334
LAS VEGAS,8,366,2000-12-31,8.41875,12.7125,4.1625
